Node ID,Features
108887316590037607278,"['gender:1', 'institution:', 'job_title:photographer,', 'job_title:sculptor,', 'job_title:wood', 'job_title:writer,', 'last_name:john', 'place:Bielefeld,', 'place:State']"
106756757396535914887,"['gender:2', 'institution:self', 'job_title:artist']"
118277029446893050108,"['gender:1', 'last_name:brian']"
111692164559406908788,"['gender:2', 'job_title:artist,', 'job_title:clay', 'job_title:or', 'job_title:which']"
115095042727023402691,[]
110067433342071570684,"['gender:2', 'university:Savannah']"
115927302973552189234,[]
116476891107841579674,"['gender:1', 'job_title:artist', 'job_title:sculptor,']"
108571081256210523807,"['gender:1', 'job_title:-', 'job_title:artist', 'job_title:designer', 'job_title:graphic', 'job_title:photographer', 'last_name:david']"
104273851304633009419,"['gender:2', 'institution:US', 'job_title:artist', 'job_title:visual', 'last_name:paula', 'place:Albuquerque,', 'place:Clarksville,', 'place:Fort', 'place:Las', 'university:Front']"
101255055018541859826,"['gender:2', 'job_title:painter.', 'last_name:natalie']"
102122012748196677489,"['gender:1', 'institution:Self-Employed', 'job_title:artist', 'place:Houston,']"
108126733266740039694,"['gender:1', 'job_title:art', 'place:Buenos']"
105196576634500671679,['gender:2']
106250709374824352211,"['gender:1', 'last_name:david']"
108266781071396472578,"['gender:1', 'job_title:artist']"
118153481843054469599,"['gender:2', 'institution:', 'job_title:artist', 'job_title:watercolor', 'place:Philippines']"
113070233173845123055,"['gender:2', 'last_name:elena']"
111907628656302771734,[]
110886284995141821620,"['gender:2', 'job_title:artist']"
103950094023645163151,"['gender:2', 'job_title:artist', 'job_title:designer,', 'job_title:licensed', 'job_title:painter,']"
107283759386735058423,"['gender:2', 'job_title:artista', 'last_name:silvana', 'place:non-ascii_1474']"
108566597089115317071,"['gender:2', 'last_name:melody']"
117259487643709788649,"['gender:2', 'job_title:artist']"
107308030150766265895,"['gender:2', 'job_title:/', 'job_title:artist', 'job_title:arts', 'job_title:community', 'job_title:visual', 'place:Milwaukee,', 'university:Maryland', 'university:Milwaukee']"
107923530149758134024,"['job_title:painter,', 'place:Bielefeld,', 'place:St.']"
100255102778442021897,"['gender:2', 'last_name:shannon', 'place:San']"
108153608672070881319,['gender:2']
118107549775305942832,"['gender:2', 'job_title:designer', 'job_title:interior']"
114121506957113347736,"['gender:1', 'institution:Retired', 'institution:artist', 'job_title:artist', 'job_title:photography,', 'job_title:watercolor', 'job_title:working', 'last_name:dave', 'place:Albuquerque,', 'place:Las', 'place:Tucson,', 'university:University']"
111341805070244323186,"['gender:2', 'university:California']"
113397391314808142370,"['gender:2', 'institution:', 'last_name:jill', 'university:George']"
105040058487223563352,"['gender:1', 'job_title:artist', 'job_title:artist,', 'job_title:digital', 'job_title:tattoo', 'last_name:sean']"
107608345508038384115,"['gender:2', 'institution:Retired', 'job_title:assistant', 'job_title:educational']"
111407952177634483703,"['gender:2', 'job_title:and', 'job_title:antique', 'job_title:of', 'job_title:sculptress']"
109861670739033511925,"['gender:1', 'job_title::)', 'job_title:a', ""job_title:i'm"", 'job_title:make', 'job_title:me', 'job_title:of', 'job_title:sculptor', 'job_title:so', 'job_title:to', 'job_title:try', 'place:Oklahoma']"
111875665525715264606,"['gender:1', 'job_title:designer', 'job_title:graphic', 'last_name:corey', 'place:', 'university:Kennesaw']"
105809055044456717985,"['gender:1', 'job_title:artist,', 'job_title:engineer,', 'job_title:master', 'job_title:visual', 'last_name:seth', 'place:Las']"
105144963864645396987,"['gender:2', 'job_title:all', 'job_title:and', 'job_title:artist', 'job_title:over']"
103358149125291535507,"['gender:2', 'job_title:art', 'job_title:fine', 'job_title:photographer', 'last_name:mary', 'university:University']"
101110860364385028530,"['gender:1', 'institution:self', 'last_name:mario', 'place:London', 'place:stockholm']"
111336672090274821737,"['gender:1', 'last_name:dave', 'university:University']"
106110392408709376416,"['gender:1', 'job_title:artist,', 'job_title:dreamer', 'last_name:jason', 'place:Asheville,', 'place:Fort', 'place:Springfield,']"
110875740738406507241,"['gender:1', 'place:berlin']"
104092000237927788352,['gender:2']
105351684180743907506,"['gender:1', 'job_title:musician', 'last_name:peter']"
105189643895783497154,[]
116576168813389390769,"['gender:2', 'last_name:esther', 'place:Arizona', 'place:New', 'place:Pennsylvania']"
106411046878239514059,"['gender:2', 'job_title:and', 'job_title:artist', 'job_title:teacher', 'last_name:leanne', 'place:Sydney']"
108759765810661286301,[]
108206883336506189685,"['gender:1', 'job_title:/', 'job_title:artist', 'job_title:painter,', 'job_title:sculptor', 'place:buenos']"
101487790832789414661,"['gender:1', 'job_title:/', 'job_title:cultural', 'job_title:producer', 'last_name:jacek', 'place:Amsterdam', 'place:Barcelona', 'place:Brisbane', 'place:Goa', 'place:Lisboa', 'place:London', 'place:Melbourne', 'place:Perth']"
102824945684239320585,"['gender:2', 'institution:', 'job_title:artist', 'job_title:watercolor']"
111269676982157660914,"['gender:2', 'last_name:laura']"
118240196689173394609,"['gender:2', 'institution:Self', 'job_title:cartoonist', 'job_title:itinerant', 'job_title:musician,', 'job_title:painter,', 'place:san']"
112019962874152071584,"['gender:1', 'job_title:artist', 'last_name:nicholas', 'university:San']"
114366128209662810917,[]
114897113274265449229,"['gender:1', 'job_title:teaching', 'place:Chandigarh', 'place:Hyderabad']"
117188114405410532586,['gender:3']
105965235464595868103,"['gender:1', 'job_title:&', 'job_title:artist', 'job_title:artist,', 'job_title:commercial', 'job_title:concept', 'job_title:graphic', 'job_title:illustrator', 'last_name:gary', 'place:Phoenix,AZ', 'place:St.']"
101362277703012405211,['gender:1']
109146160837645362711,"['gender:1', 'job_title:artist,', 'job_title:host', 'job_title:photographer,', 'last_name:peter', 'place:Brooklyn', 'place:Germany', 'place:Los', 'place:New', 'place:San', 'place:Seattle', 'university:San']"
102075339732581699600,"['gender:2', 'job_title:photographer/artist']"
112955170148517351887,"['gender:2', 'job_title:artist', 'place:Frankfurt,', 'place:San']"
103020313106929208651,"['gender:2', 'job_title:artist', 'place:Baltimore,', 'place:Prescott,']"
110954550871007449747,"['gender:1', 'job_title:-', 'job_title:artist', 'job_title:design', 'job_title:graphic', 'job_title:illustration,', 'job_title:media,', 'job_title:mixed']"
109937254832182762603,"['gender:2', 'job_title:designer', 'job_title:painter', 'job_title:sculptor', 'place:Paris', 'place:Royan']"
100378571023933038620,"['gender:2', 'job_title:painting', 'last_name:liz']"
101400591632349985897,"['gender:2', 'last_name:maria', 'place:Milano']"
103522218014529209421,"['gender:2', 'job_title:blogger', 'job_title:illustrator,', 'last_name:jessica', 'place:Vancouver']"
116755735817743378338,"['gender:2', 'job_title:and', 'job_title:big', 'job_title:create', 'job_title:glass', 'place:Edinburgh', 'place:London']"
103488169034643528443,"['gender:2', 'institution:', 'job_title:artist', 'job_title:student', 'place:Scotland']"
100950689380752786392,"['gender:1', 'job_title:&', 'job_title:animator', 'job_title:artist,', 'job_title:freelance', 'job_title:writer']"
115087934048348184516,"['gender:2', 'last_name:betty']"
109808157704804887611,"['gender:2', 'job_title:and', 'job_title:artist,', 'job_title:photography', 'job_title:videos', 'university:Emily', 'university:University']"
116742728953618819148,"['gender:2', 'university:Colorado']"
115137849030052712728,"['gender:1', 'last_name:edwin']"
101418323239228547842,"['institution:', 'job_title:and', 'job_title:designer', 'job_title:graphic', 'job_title:novels', 'job_title:of', 'last_name:joel']"
103784452522248646050,"['gender:1', 'job_title:and', 'job_title:artist,', 'job_title:author', 'job_title:coffee', 'job_title:collector', 'job_title:lover,', 'job_title:of', 'job_title:painting', 'last_name:gabriel', 'place:Amherst,']"
107037862233939639227,"['gender:1', 'job_title:and', 'job_title:artist/illustrator', 'job_title:family', 'job_title:self', 'job_title:taught', 'last_name:alex']"
118428285615500919023,"['gender:2', 'place:Honolulu,']"
114849122005373371847,"['gender:1', 'last_name:eric']"
101701583331414272733,"['gender:1', 'job_title:art', 'job_title:artist,', 'job_title:organizer', 'job_title:writer,', 'last_name:timothy']"
117736038773715729119,"['gender:1', 'job_title:art', 'job_title:consultant']"
117386527918823043677,"['gender:1', 'job_title:-', 'job_title:graphiste', 'job_title:illustrateur', 'job_title:peintre', 'job_title:sculpteur', 'last_name:pascal', 'place:Paris']"
109674457704408200611,['gender:3']
102987934493562222561,"['gender:1', 'job_title:artist']"
100578645684682196736,"['gender:1', 'job_title:artista']"
108370572392474482357,"['gender:2', 'job_title:i', 'job_title:paint']"
103770531046791651608,"['gender:2', 'job_title:i', 'job_title:make', 'place:Santa', 'place:Sunnyvale,']"
113875421239479760863,['gender:2']
110836676689034486959,['gender:2']
110908684768781254229,"['gender:2', 'job_title:artist', 'job_title:full-time', 'job_title:mother,', 'university:San']"
102993757684517674146,"['gender:2', 'job_title:am', 'job_title:an', 'job_title:and', 'job_title:artist', 'job_title:fine', 'job_title:i', 'job_title:in', 'job_title:playing', 'job_title:self', 'job_title:taught', 'job_title:the']"
114318095399599890649,[]
114661838207181976670,"['gender:1', 'place:Boston']"
108216446375195032439,"['gender:2', 'job_title:and', 'job_title:at', 'job_title:food', 'job_title:photographer', 'job_title:safety', 'job_title:the', 'last_name:esther', 'place:Zaragoza,']"
107315378322154900607,"['gender:1', 'institution:Apple', 'institution:Visual', 'job_title:-', 'job_title:artist', 'job_title:freelance', 'job_title:visual', 'last_name:kyle', 'place:Manchester,']"
103637162978776725632,"['gender:1', 'last_name:andy', 'place:Florence,', 'place:Ft.', 'place:Jackson,', 'place:Louisville,', 'place:Nashville,', 'university:Broward']"
117945818785164608300,"['gender:2', 'job_title:artist', 'place:Perth', 'place:Sydney']"
106445486315230745362,"['gender:1', 'job_title:artist,', 'job_title:illustrator,', 'job_title:teacher', 'last_name:daniel', 'place:Colorado', 'place:Fort', 'university:Colorado']"
112647059413057784221,"['gender:1', 'job_title:and', 'job_title:draw.', 'job_title:i', 'job_title:paint', 'last_name:kyle', 'place:los', 'place:richmond,', 'university:Academy', 'university:Laguna']"
111396558405739902158,[]
110507996978242488651,"['gender:1', 'job_title:artist', 'job_title:aspiring', 'job_title:design,', 'job_title:editing,', 'job_title:writing,', 'place:montreal', 'place:new']"
116130450559157224410,"['gender:2', 'last_name:linda']"
117298449774201305386,"['gender:1', 'last_name:brian']"
116901019375284491764,"['gender:2', 'last_name:diana', 'university:California']"
100629903269377636365,"['gender:2', 'last_name:kim', 'place:Chicago', 'place:New', 'place:St.']"
106837574755355833243,"['gender:1', 'job_title:a', 'job_title:and', 'job_title:can', 'job_title:i', ""job_title:i'm"", 'job_title:like']"
118427894834223700228,"['gender:1', 'job_title:and', 'job_title:artist,', 'job_title:poet', 'job_title:visual', 'job_title:writer', 'university:University']"
114104634069486127920,[]
117122672562418213775,"['gender:1', 'institution:Self', 'job_title:abstract', 'job_title:artist', 'place:Amsterdam', 'place:Chicago', 'place:London', 'place:Luxembourg']"
107532423542613020631,"['gender:2', 'job_title:design,', 'job_title:website']"
112903136003711459513,"['gender:1', 'job_title:support', 'job_title:tech', 'last_name:jon']"
100066449683863866414,[]
101417168957948378495,[]
105093931597417731651,"['gender:1', 'job_title:-', 'job_title:artist', 'job_title:painter']"
103104550840637315674,"['gender:1', 'job_title:artist']"
116359813708750249878,"['gender:2', 'institution:Self', 'last_name:lynn']"
105471005522417570192,"['gender:1', 'university:Ball']"
112872110915392647061,"['gender:1', 'last_name:eric', 'university:Virginia']"
103434487080219673561,"['gender:2', 'institution:', 'job_title:artist']"
110750649272369829619,"['gender:2', 'job_title:draw,', 'job_title:laugh', 'job_title:paint,', 'job_title:play,', 'job_title:teach,', 'place:austin,', 'university:University']"
108463477874040157192,"['gender:3', 'institution:', 'last_name:oliver']"
110304553261974904093,"['gender:2', 'job_title:and', 'job_title:artistic', 'job_title:creative', 'job_title:my', 'last_name:lea', 'place:Germany', 'place:India', 'place:Michigan', 'place:Texas']"
114814005044450108245,"['gender:2', 'last_name:jill']"
116265828399001050082,['gender:1']
100706023242571286435,"['gender:1', 'job_title:artist']"
112904779624068057533,"['gender:2', 'job_title:/', 'job_title:artist', 'job_title:fine', 'job_title:illustrator', 'job_title:marketing', 'place:Savannah,', 'university:Savannah']"
100382117243685711997,['gender:1']
108389970433410842831,['gender:2']
106542726714965514632,"['gender:2', 'job_title:design,', 'job_title:dreamer,', 'job_title:graphic', 'job_title:programming', 'job_title:web', 'job_title:writer,']"
111550669664395804651,"['gender:1', 'job_title:artist,', 'job_title:illustrator', 'last_name:andreas', 'place:Hamburg']"
116458446436738032389,"['gender:1', 'institution:', 'job_title:artist', 'job_title:entrepreneur', 'last_name:todd', 'university:', 'university:NMSU']"
117180993499031766213,"['gender:2', 'job_title:artist', 'job_title:visual', 'last_name:linda', 'place:Bay', 'place:Long', 'place:Los']"
108463797808577861961,[]
106410732718450585351,"['gender:1', 'institution:Ringling', 'job_title:and', 'job_title:design', 'job_title:illustration', 'last_name:eric', 'university:Ringling']"
115581868711550786632,"['gender:1', 'last_name:frank']"
115029186078239273995,"['gender:2', 'job_title:&', 'job_title:art', 'job_title:fine', 'job_title:mother,', 'job_title:painter,', 'job_title:photographer', 'last_name:abigail', 'university:University']"
107652109540961048950,"['gender:1', 'job_title:artist', 'last_name:bill', 'place:Colorado']"
107731547877245030605,['gender:1']
117247005461746670344,"['gender:1', 'last_name:chris']"
105859070951290270749,"['gender:1', 'institution:self-employed', 'job_title:artist', 'last_name:bill', 'place:New', 'place:San']"
104531018148875607756,"['gender:1', 'institution:', 'job_title:painter', 'last_name:marc', 'place:Florence,', 'place:Los', 'place:Paris,']"
100570943621691880802,"['gender:1', 'job_title:and', 'last_name:joseph', 'place:Bucharest,', 'place:New', 'place:Paris,']"
107895589408692326451,"['gender:2', 'job_title:artist', 'job_title:artist,', 'job_title:artiste', 'job_title:painter,', 'job_title:self-employed']"
104289213949175742145,"['gender:1', 'job_title:-', 'job_title:am', 'job_title:anything', 'job_title:artist.', 'job_title:check', 'job_title:have', 'job_title:i', 'job_title:in', 'job_title:maker.', 'job_title:mind', 'job_title:my', 'job_title:out', 'job_title:photo', 'job_title:professional', 'job_title:see', 'job_title:you', 'last_name:james']"
108534678587208921488,"['gender:2', 'job_title:de']"
105438216157712951149,"['gender:1', 'institution:', 'job_title:artist', 'last_name:andrew']"
117668300375109028527,"['gender:2', 'job_title:a', 'job_title:and', 'job_title:art', 'job_title:founder', ""job_title:i'm"", 'job_title:new', 'job_title:of', 'job_title:online', 'job_title:painter', 'job_title:the', 'last_name:victoria']"
100534386183913201789,['gender:1']
116867274133488266077,"['gender:1', 'institution:Myself']"
107737537304272058329,"['gender:2', 'job_title:&', 'job_title:drawing']"
108729164162563480433,"['gender:2', 'job_title:&', 'job_title:art', 'job_title:artist,', 'job_title:creator', 'job_title:fine', 'job_title:images', 'job_title:of', 'job_title:performing', 'job_title:recording', 'job_title:singer']"
115168269212597481080,"['gender:1', 'institution:', 'job_title:and', 'job_title:artist.', 'job_title:personal', 'job_title:real', 'last_name:philip']"
116581173626370476738,"['gender:1', 'last_name:sascha']"
104099184734680431870,[]
113553990186994535872,"['gender:1', 'place:berlin']"
115527615316927235156,"['gender:2', 'job_title:and', 'job_title:paintings', 'last_name:nina']"
118074512749042983654,"['gender:2', 'last_name:edie']"
114655967516290265502,[]
105740657860778555476,"['gender:1', 'last_name:dave', 'place:Sydney,']"
112130961481629219718,"['gender:2', 'job_title:-', 'job_title:a', 'job_title:and', 'job_title:animal', 'job_title:artist,', 'job_title:consultant,', 'job_title:creative', 'job_title:geek', ""job_title:i'm"", 'job_title:lover,', 'job_title:oh', 'job_title:sailor', 'job_title:story', 'job_title:wine', 'job_title:yeah,', 'last_name:robin', 'place:Atlanta,', 'university:Georgia']"
110881596680638137353,"['gender:2', 'job_title:and', 'job_title:artist', 'job_title:photographer', 'last_name:elizabeth']"
104315334649820883128,"['gender:1', 'last_name:jack', 'place:madrid', 'place:paris']"
110402672419165178132,"['gender:1', 'job_title:and', 'job_title:consultant,', 'job_title:creative', 'job_title:design', 'job_title:graphic', 'place:Barcelona']"
113294483292678662316,"['gender:1', 'job_title:etc.', 'last_name:greg', 'place:Boston,', 'place:Los', 'place:Springfield,', 'university:Massachusetts', 'university:School']"
103774001600901781582,"['gender:1', 'job_title:sculptor']"
115883675231924152819,['gender:2']
103694380365597972001,"['gender:3', 'job_title:artist', 'job_title:artist,', 'job_title:digital']"
110101984758324108622,"['gender:1', 'job_title:artist', 'place:Amsterdam', 'place:Berlin', 'place:Paris']"
102444230004603405684,"['gender:2', 'job_title:artist']"
102285179851236075328,['gender:1']
114436581393791266498,"['gender:1', 'last_name:cory']"
101488480621820301423,"['gender:1', 'job_title:artist', 'last_name:alan', 'place:New']"
112011803154194471207,"['gender:1', 'job_title:&', 'job_title:,', 'job_title:artist', 'job_title:designer', 'job_title:graphics', 'job_title:painter', 'job_title:web']"
101036203080597048769,"['gender:2', 'institution:freelance', 'job_title:-', 'job_title:designer', 'job_title:graphic', 'job_title:photographer']"
108310069137918407221,['gender:2']
100765251674484819933,[]
118380125497498826979,"['gender:2', 'job_title:and', 'job_title:artist', 'job_title:fine', 'job_title:oil', 'job_title:other', 'job_title:painter']"
105620619373987027172,"['gender:1', 'job_title:/', 'job_title:new', 'job_title:strategist', 'job_title:to']"
114620353253724833655,"['gender:2', 'job_title:composer']"
117115170288798542654,"['gender:2', 'institution:Artist', 'last_name:tracy', 'university:Minneapolis', 'university:University']"
113459103713303498507,['gender:2']
117748891678858207829,"['gender:1', 'job_title:i', 'job_title:paint.', 'last_name:jared', 'place:Colorado', 'place:New', 'place:Philadelphia', 'place:Seattle', 'university:Life']"
103633747545667002559,[]
101872163606007612800,"['gender:1', 'institution:Self', 'job_title:artist', 'job_title:full', 'job_title:time', 'place:Annapolis,', 'place:Charleston,']"
116819601264686093434,"['gender:1', 'job_title:the', 'last_name:matt']"
110360784207374607325,"['gender:2', 'job_title:artista', 'job_title:non-ascii_545']"
112714532704986500957,['gender:2']
100518625747153429809,"['gender:2', 'job_title:-', 'job_title:artist', 'job_title:painter', 'last_name:kelly', 'place:Detroit']"
106932210405630123818,"['gender:2', 'last_name:nicole']"
107505007518380028872,"['gender:1', 'job_title:artist', 'last_name:giuseppe']"
102440249973652568489,"['gender:2', 'job_title:analyst', 'job_title:business', 'job_title:or', 'job_title:super', 'job_title:systems', 'place:Baltimore,', 'place:Columbus,', 'place:Dallas,', 'place:Frederick,', 'place:Greenville,', 'place:Lexington,']"
114864817374051239842,"['gender:2', 'institution:Self', 'job_title:and', 'job_title:artist,', 'job_title:photography', 'job_title:watercolor', 'place:Phoenix,AZ']"
113406825594571237890,"['gender:2', 'job_title:and', 'job_title:artist', 'job_title:designer', 'job_title:website', 'place:Boulder,', 'place:Denver,', 'place:Salt', 'university:Kansas', 'university:The', 'university:The', 'university:University']"
112436171438064292142,"['gender:2', 'institution:', 'job_title:contemporary', 'job_title:oil', 'job_title:painter', 'last_name:susan', 'university:Academy']"
101360643544552502915,"['gender:1', 'institution:', 'job_title:artist', 'last_name:graham']"
103186885334039555657,[]
116892835165405541815,"['gender:1', 'last_name:jorge']"
103846236662061752112,"['gender:1', 'job_title:artist,', 'job_title:creative', 'job_title:illustrator.', 'job_title:photographer,']"
103274398541354707265,"['gender:2', 'institution:Artist', 'job_title:artist,', 'job_title:photographer,', 'job_title:work', 'place:Columbus,']"
114914896000469569508,"['gender:1', 'last_name:carlos']"
103744669593777813178,"['gender:2', 'job_title:&', 'job_title:also', 'job_title:and', 'job_title:artist', 'job_title:contemporary', 'job_title:fine', 'job_title:in', 'job_title:landscape', 'job_title:of', 'job_title:oil', 'job_title:paintings', 'job_title:portraiture', 'job_title:wildlife', 'last_name:liz', 'university:Cleveland']"
116765138691892499850,"['gender:2', 'job_title:arts', 'job_title:writer']"
103468365043418765379,['gender:1']
112954151067260940064,"['gender:1', 'job_title:curator', 'place:San']"
111048729592199491601,"['gender:2', 'job_title:artist']"
102963825845722550731,['gender:1']
101411522670835290735,"['gender:2', 'place:Belgrade']"
100445600040262907080,"['gender:2', 'job_title:artist,', 'job_title:graphic', 'job_title:illustrator', 'last_name:hazel']"
105885230746522882283,"['gender:1', 'job_title:/', 'job_title:artist', 'job_title:illustrator']"
113646756861816224572,['gender:1']
116252237668718986379,"['gender:1', 'job_title:artist', 'job_title:employed', 'job_title:self', 'last_name:adam', 'place:Brisbane', 'place:Melbourne']"
100388133861755653491,"['gender:2', 'job_title:artist', 'job_title:by', 'job_title:day', 'job_title:fine', 'job_title:job,', 'job_title:night,', 'place:Phoenix', 'university:Arizona']"
112105883502643929038,[]
111490745412217622127,"['gender:2', 'job_title:and', 'job_title:artist', 'job_title:nature', 'job_title:wildlife']"
102353406400546786856,"['gender:2', 'job_title:addiction', 'job_title:anything', 'job_title:artist,', 'job_title:can', 'job_title:designer,', 'job_title:do', 'job_title:else', 'job_title:i', 'job_title:my', 'job_title:support', 'job_title:to', 'job_title:web', 'last_name:julie']"
107355720890672333961,"['gender:2', 'last_name:lori']"
101828644068534620076,"['gender:1', 'job_title:artist', 'job_title:fine', 'last_name:brett', 'university:The']"
113731364574881080312,['last_name:violet']
104018409979015812249,"['gender:3', 'job_title:artist', 'job_title:occasional', 'job_title:travel', 'job_title:visual', 'last_name:julie']"
104421522022168544419,['gender:2']
106332861329892738561,"['gender:2', 'place:Bonn', 'place:Munich', 'place:non-ascii_1496']"
108872478610415147462,"['gender:2', 'institution:', 'job_title:-', 'job_title:a', 'job_title:and', 'job_title:are', 'job_title:around', 'job_title:be', 'job_title:bring', 'job_title:can', 'job_title:designer', 'job_title:figure', 'job_title:find', 'job_title:i', 'job_title:in', 'job_title:it', 'job_title:jewelry', 'job_title:life', 'job_title:me', 'job_title:my', 'job_title:of', 'job_title:only', 'job_title:out', 'job_title:own', 'job_title:painter,', 'job_title:person', 'job_title:personal', 'job_title:sculptor,', 'job_title:some', 'job_title:source', 'job_title:stay', 'job_title:takes', 'job_title:that', 'job_title:the', 'job_title:their', 'job_title:them', 'job_title:through', 'job_title:to', 'job_title:way', 'job_title:who', 'job_title:with', 'job_title:work', 'job_title:world', 'place:istanbul']"
107032748541008652585,[]
100196790907630189606,"['gender:1', 'job_title:&', 'job_title:art', 'job_title:artist', 'job_title:fine', 'job_title:teacher', 'last_name:shawn']"
112974258424669667683,"['gender:1', 'last_name:bill']"
109237657838387286677,['gender:1']
103752184467836846598,"['gender:2', 'job_title:and', 'job_title:artist', 'job_title:nature', 'last_name:karen', 'place:Indiana', 'place:Minnesota', 'place:Ohio', 'university:']"
102559162101591701099,['gender:3']
102863738190878180013,['gender:2']
116031612186591874612,"['job_title:&', 'job_title:arts', 'job_title:editor', 'job_title:for', 'job_title:technology']"
102306871493187334739,"['gender:1', 'job_title:and', 'job_title:art.', 'job_title:design', 'job_title:for', 'job_title:furniture,', 'job_title:make', 'job_title:time', 'job_title:to', 'last_name:todd', 'place:Arlington,', 'place:Key', 'place:Milwaukee,']"
107417903339410310061,"['gender:2', 'job_title:artist']"
107801349623255426435,"['gender:1', 'job_title:product', 'job_title:specialist', 'job_title:technical', 'last_name:steven', 'place:']"
112766860455754737817,"['gender:1', 'institution:', 'job_title:/', 'job_title:artist', 'job_title:painter', 'job_title:professional']"
104666642804793612913,"['gender:1', 'institution:United', 'job_title:shoot', 'job_title:still', 'last_name:matt']"
101693014555125876600,['gender:2']
118107045405823607895,"['gender:1', 'job_title:&', 'job_title:art', 'job_title:blogger,', 'job_title:business', 'job_title:consultant,', 'job_title:designer,', 'job_title:developer,', 'job_title:graphic', 'job_title:it', 'job_title:owner', 'job_title:painter,', 'job_title:sculptor,', 'job_title:small', 'job_title:toy', 'job_title:web', 'last_name:james']"
109106846200379852622,"['gender:1', 'job_title:artista', 'job_title:designer']"
113520326117884248268,"['gender:1', 'job_title:sculptor', 'last_name:james']"
104830019916494620908,"['gender:1', 'job_title:artist', 'place:Chennai,']"
106764351587377041357,"['gender:2', 'job_title:artist', 'last_name:alison']"
106725926820845459123,"['gender:2', 'job_title:full', 'job_title:model', 'job_title:time', 'place:Cape', 'place:New']"
101548743359825944767,"['gender:2', 'institution:', 'job_title:artist', 'job_title:self-employed', 'last_name:chris']"
106034090314001069671,"['gender:1', 'job_title:and', 'job_title:concept', 'job_title:director', 'job_title:editing,', 'job_title:photographer', 'job_title:production,', 'job_title:professional', 'job_title:video', 'job_title:writing,', 'university:University']"
107870475679248109269,"['gender:1', 'job_title:painting,', 'job_title:sculpture,', 'job_title:stained', 'last_name:david']"
106261497811000262754,"['gender:1', 'job_title:and', 'job_title:artist', 'job_title:educator', 'place:Baltimore,', 'place:San', 'place:Santa', 'university:Humboldt', 'university:Maryland']"
106048773058055537048,"['gender:1', 'place:Palo']"
118143461595971235245,['gender:2']
103727896585918252299,"['gender:2', 'job_title:art', 'job_title:teacher']"
104426233195987299152,"['gender:1', 'job_title:artist']"
114441717350702263925,"['gender:1', 'job_title:artist', 'place:New', 'place:Wien']"
101377128515177056129,"['gender:1', 'job_title:/', 'job_title:artist', 'job_title:painter', 'last_name:nicholas']"
113148742025783782003,"['gender:2', 'job_title:illustratrice']"
108744126907748487983,"['gender:1', 'job_title:student', 'last_name:adrian']"
113677133587948721156,"['gender:2', 'institution:ARTIST', 'job_title:artist,', 'place:Detroit,']"
105550186632453721513,"['gender:1', 'job_title:&', 'job_title:designer', 'job_title:illustrator']"
102656934497613163144,"['gender:1', 'place:Berlin', 'place:Hamburg']"
116232115180783765801,['gender:2']
107753552544179958164,"['gender:1', 'job_title:artist', 'job_title:digital', 'place:Las']"
110407384370530730875,"['gender:1', 'job_title:illustration,', 'last_name:david', 'place:Dallas,', 'place:San']"
106994788622312472332,"['gender:2', 'job_title:artiste', 'job_title:illustratrice', 'job_title:peintre']"
102249182845295578962,"['gender:2', 'job_title:&', 'job_title:artist', 'job_title:designer.', 'last_name:sandra']"
105402259468739080137,"['gender:2', 'job_title:artist', 'job_title:artist/graphic', 'job_title:fine', 'last_name:kimberly', 'university:Pratt']"
116250201527009160504,"['gender:1', 'institution:']"
106895761306501470368,"['gender:2', 'job_title:consultant', 'job_title:management', 'place:Boston,', 'place:Greenwich,', 'place:New', 'university:Harvard', 'university:University']"
114772370404010974598,"['gender:2', 'job_title:artist,', 'job_title:digital', 'job_title:photographer', 'last_name:maggie', 'place:Pennsylvania', 'university:Rutgers']"
102359926085625474102,"['gender:2', 'job_title:and', 'job_title:artisan', 'job_title:jewelry', 'job_title:sales', 'job_title:supply', 'place:San']"
117585652978868715783,[]
112374665739066603956,"['gender:2', 'job_title:artist/painter', 'place:France']"
100080304497199877330,"['gender:2', 'job_title:&', 'job_title:animation', 'place:Iran', 'place:Tehran']"
114096099683887759200,"['gender:2', 'job_title:arts', 'job_title:dark', 'job_title:teacher', 'job_title:the', 'last_name:laura', 'place:Paris,']"
112352597411965977411,"['gender:1', 'job_title:and', 'job_title:artist', 'job_title:illustrator', 'last_name:anthony']"
114352327674779556499,"['gender:2', 'job_title:art', 'job_title:making']"
107077924989967712602,"['gender:2', 'job_title:artist.', 'job_title:creative', 'last_name:teresa', 'place:Chicago,', 'place:Cleveland,', 'place:Detroit,', 'place:Philadelphia,']"
104214034036199536225,"['gender:2', 'institution:', 'job_title:artist', 'job_title:uk', 'last_name:paula']"
108112557629934458248,"['gender:2', 'job_title:artist,', 'job_title:blogger,', 'job_title:enthusiast,', 'job_title:google+', 'job_title:nerd', 'job_title:poet,', 'job_title:tech', 'job_title:writer,', 'university:University']"
105295898001537556609,[]
102945130938297404430,"['gender:1', 'institution:Freelancer', 'job_title:/', 'job_title:artist', 'job_title:freelancer', 'last_name:mikko', 'place:Helsinki']"
111648754688449664694,"['gender:1', 'institution:', 'job_title:art,', 'job_title:artist', 'job_title:designer,', 'job_title:fun', 'job_title:illustrator,', 'job_title:visual', 'last_name:ben']"
105298519448418630579,"['gender:1', 'job_title:chief', 'job_title:creative', 'job_title:of', 'job_title:officer', 'last_name:keith', 'university:The']"
117461435525779663160,"['gender:1', 'job_title:and', 'job_title:more', 'job_title:much', 'job_title:so', 'last_name:jacob', 'place:Las', 'place:Washington']"
112855886072993423409,"['gender:2', 'job_title:assistant', 'job_title:company', 'job_title:for', 'job_title:music', 'job_title:personal', 'place:Austin', 'place:Houston', 'university:School']"
101562076353371698615,"['gender:1', 'institution:', 'job_title:artist', 'job_title:visual', 'last_name:guy']"
104132226672783916964,"['gender:1', 'last_name:chris']"
106962901393110437619,"['gender:1', 'last_name:jerry']"
107477909135631364885,"['gender:2', 'job_title:&', 'job_title:artist', 'job_title:writer']"
117556905742783806573,"['gender:1', 'job_title:&', 'job_title:photographer', 'last_name:cory']"
109501436364165187027,"['gender:2', 'institution:The', 'job_title:artist,', 'job_title:scientist,', 'job_title:writer', 'last_name:linda', 'place:Los', 'university:Texas', 'university:University']"
110787588731552125339,['gender:1']
105756423183388339722,"['gender:2', 'last_name:caroline']"
118398145764771774464,['gender:1']
110315430166117786232,"['gender:1', 'place:Washington']"
107317834415489961554,"['gender:2', 'job_title:fantasy', 'job_title:of', 'job_title:sculptress']"
102897998524188704114,"['gender:2', 'job_title:artist', 'job_title:illustrator', 'place:California', 'place:Florida', 'place:South', 'place:Texas', 'university:Sonoma']"
101670009911923895945,['gender:2']
115431995950171822892,"['gender:2', 'job_title:clay', 'job_title:from', 'job_title:teacher', 'job_title:your', 'last_name:brenda']"
106064030310933105180,['gender:1']
103423896242493726696,"['gender:1', 'job_title:artist,', 'job_title:engineer,', 'job_title:father,', 'job_title:network', 'last_name:bill', 'place:Spokane,']"
101872053529554144345,"['gender:2', 'job_title:-', 'job_title:designer', 'job_title:graphic', 'job_title:painter', 'job_title:web']"
111153455306955308157,"['gender:2', 'last_name:caroline', 'place:chicago', 'place:london', 'university:University']"
116944895639367062510,"['gender:1', 'job_title:and', 'job_title:landscape', 'university:SAIT']"
117517314728318046357,[]
107104176813455812890,"['gender:1', 'last_name:david']"
111177586710520279671,"['gender:2', 'job_title:and', 'job_title:designer', 'job_title:photographer']"
108250698633719035547,"['gender:2', 'university:California']"
116361225935365912721,"['gender:1', 'last_name:brian']"
117426994241200828522,"['gender:1', 'institution:Artist', 'last_name:jason', 'place:Brooklyn,', 'place:Madison,', 'university:Montana', 'university:University']"
109975347168733392720,"['gender:1', 'job_title:artist', 'last_name:paul', 'university:University']"
110156377665491013511,"['gender:1', 'job_title:artist/', 'job_title:curator', 'job_title:gallery', 'job_title:traditional']"
106035140781573663323,[]
100771300110997138930,"['gender:1', 'institution:', 'job_title:non-ascii_755', 'place:Moscow']"
112526370306593564662,"['gender:2', 'job_title:art', 'job_title:digital']"
107643355522271518196,"['gender:1', 'institution:', 'job_title:artist', 'last_name:chris']"
104816524466988328946,"['job_title:,', 'last_name:natalie', 'place:Hong', 'place:New', 'place:Philadelphia', 'university:Moore']"
115909956209983539961,"['gender:1', 'job_title:architect', 'job_title:artist,', 'job_title:watercolor', 'place:new']"
114336117040058992572,"['gender:1', 'job_title:design']"
117998735553744736999,"['gender:2', 'last_name:danielle']"
100201301601263371349,"['gender:1', 'job_title:-', 'job_title:designer', 'job_title:multimedia', 'last_name:steve']"
100744739062759166603,"['gender:2', 'job_title:artist', 'last_name:deborah']"
114504022490238986254,"['gender:1', 'job_title:a', 'job_title:and', 'job_title:artist,', 'job_title:job.', 'job_title:photographer,', 'job_title:player', 'job_title:with', 'last_name:steve']"
115163775579831251402,"['gender:1', 'job_title:i', 'job_title:of', 'job_title:paint']"
110967003094003846420,"['gender:1', 'last_name:eric']"
104010024638283114673,['last_name:victor']
101974291882028801639,"['gender:2', 'job_title:&', 'job_title:artist', 'job_title:owner', 'last_name:teresa']"
117509845915711759657,['gender:1']
110300801129798685547,"['gender:1', 'job_title:/', 'job_title:creative', 'job_title:illustrator']"
102499343453644564022,['gender:2']
110182875021467884817,"['gender:1', 'institution:Self', 'job_title:artist', 'job_title:student', 'last_name:tom', 'place:Ann', 'university:Loughborough', 'university:Stafford', 'university:University']"
100599778127538523049,[]
101010880213993219787,['job_title:photographer']
114685723668493364887,"['gender:1', 'job_title:and', 'job_title:animation', 'job_title:artist', 'job_title:at', 'job_title:development', 'job_title:for', 'job_title:my', 'job_title:visit', 'job_title:visual', 'job_title:website', 'last_name:edwin']"
112285036359380021410,"['gender:1', 'last_name:giuseppe']"
117216033587803854436,"['gender:2', 'last_name:heather']"
112149526874675689376,['gender:1']
105613252741181373599,"['gender:1', 'job_title:artista', 'job_title:visual', 'last_name:diego', 'place:Buenos']"
100058643455900335517,"['gender:1', 'institution:Freelance', 'job_title:designer', 'job_title:flash', 'place:Toronto,']"
107383652618865802442,"['gender:1', 'job_title:design', 'job_title:in', 'job_title:photography', 'job_title:specializing', 'job_title:visual', 'place:Chicago,', 'place:Houston,', 'place:Jacksonville,', 'place:Oklahoma', 'place:Oklahoma']"
103978918457106656392,"['gender:2', 'job_title:artist', 'place:Berkeley,', 'place:Odessa', 'place:Sacramento,', 'university:University']"
102518920220768175492,"['gender:1', 'job_title:/', 'job_title:artist', 'job_title:designer', 'job_title:graphic', 'place:Portland,']"
107883340894483563915,"['gender:2', 'institution:', 'job_title:artists', 'job_title:fine', 'last_name:pamela', 'place:Wollongong']"
103110188755669663490,"['gender:2', 'job_title:art', 'job_title:design,', 'job_title:development,', 'job_title:fine', 'job_title:graphic', 'job_title:marketing', 'job_title:professional,', 'job_title:website', 'last_name:kathleen', 'university:Rutgers']"
113012020626169688172,['gender:2']
101522553878645610651,"['gender:1', 'job_title:+', 'job_title:art,', 'job_title:design,', 'job_title:graphic', 'job_title:illustration', 'job_title:web', 'last_name:gareth', 'place:Atlanta,', 'university:Kennesaw']"
110326740258342642328,"['gender:1', 'job_title:artist', 'job_title:digital']"
111349858851804350826,"['gender:1', 'last_name:hugh']"
111992863648838207509,[]
100186938589206311054,"['gender:1', 'job_title:architect,', 'job_title:artist,', 'job_title:film-maker,', 'job_title:founder', 'place:Boston,', 'place:Rome,', 'place:Washington', 'university:Carleton']"
103546273047856488913,['gender:2']
107179289042593463605,"['gender:1', 'job_title:-', 'job_title:artist,', 'job_title:non-ascii_399', 'job_title:painter', 'last_name:carsten']"
108363014770938248139,"['gender:1', 'job_title:developer,', 'job_title:therapist', 'job_title:web', 'place:Oslo,']"
103839372439364311280,"['gender:2', 'job_title:artista', 'job_title:non-ascii_545', 'place:buenos']"
113632805422998323682,"['gender:1', 'job_title:designer', 'job_title:graphic']"
101732559467217160653,"['gender:2', 'job_title:artist', 'job_title:portrait']"
104605182032046809800,[]
106827772898657086582,"['gender:1', 'last_name:david']"
103507381465701010401,"['gender:1', 'institution:', 'last_name:eric']"
103490023659345682950,[]
110283364604261253002,"['gender:1', 'job_title:artists', 'last_name:alan', 'university:Pratt']"
111887075096360352528,"['gender:1', 'institution:', 'job_title:artist']"
113959435258864431393,"['job_title:...', 'job_title:art', 'job_title:inspiration', 'job_title:me', 'job_title:the', 'job_title:to', 'last_name:kat']"
101218371689622128361,"['gender:1', 'institution:ARTIST', 'job_title:artist,', 'job_title:illustrator', 'job_title:painter,', 'last_name:tom', 'place:Brooklyn,', 'place:New']"
100096528278409188670,"['gender:2', 'job_title:event', 'job_title:family', 'job_title:photographer', 'job_title:photographer,', 'job_title:portrait', 'job_title:wedding', 'place:Israel', 'place:Washington', 'university:Montgomery', 'university:UMBC']"
111335922737520302374,"['gender:1', 'job_title:and', 'job_title:artistic', 'job_title:creativity', 'place:Albuquerque,', 'place:Chula', 'place:Dallas,', 'place:Las', 'place:Lawrence,', 'place:Phoenix,', 'place:San', 'place:Seattle,', 'university:Academy', 'university:NMSU']"
114723350951535444562,"['gender:3', 'job_title:arts', 'job_title:the', 'place:Phoenix']"
104704208945955537679,"['gender:2', 'job_title:&', 'job_title:art', 'job_title:artist', 'job_title:photographer', 'job_title:photography', 'last_name:pamela', 'place:Atlanta,', 'place:Charleston,', 'place:Columbia,', 'place:Daytona']"
115679589514937555999,"['gender:1', 'job_title:-', 'job_title:and', 'job_title:artist', 'job_title:mediums.', 'job_title:oil', 'job_title:other', 'job_title:paintings,', 'job_title:photography,']"
108917917927416072574,"['gender:2', 'institution:Self', 'job_title:artist', 'last_name:heather', 'university:']"
104607825525972194062,"['gender:2', 'job_title:artist', 'job_title:fine', 'last_name:jaime', 'place:Nashville,']"
103225292456631554770,"['gender:2', 'job_title:actress', 'job_title:educator,', 'job_title:mother,', 'job_title:painter,', 'job_title:photographer,', 'job_title:sculptor,', 'job_title:wife,', 'place:New']"
101934437466204409602,"['gender:2', 'job_title:and', 'job_title:artist', 'job_title:designer']"
114596463182738407791,"['gender:1', 'job_title:i', 'job_title:paint', 'place:berlin']"
112596973929133983413,"['gender:2', 'last_name:rosy']"
107066609145001672622,['gender:2']
114985013465037586756,[]
100623791536600553325,"['gender:2', 'institution:Visual', 'job_title:artist', 'last_name:dawn']"
100401708106444405523,"['gender:2', 'job_title:und']"
113285356124986797263,"['job_title:artist,', 'job_title:independent', 'job_title:of', 'job_title:painter', 'last_name:joann']"
115629548841310688016,"['gender:2', 'job_title:artist']"
116815043422362494586,"['gender:2', 'institution:', 'job_title:artist', 'job_title:visual', 'last_name:kelly', 'place:Florence,', 'place:Rome,', 'place:Washington,']"
106901350204433474063,"['gender:1', 'institution:', 'place:Iran', 'place:Tehran']"
102607386869220645817,"['gender:2', 'job_title:*', 'job_title:artist', 'job_title:traditional']"
110133480834100847635,"['gender:1', 'job_title:artist', 'job_title:graphic', 'last_name:john']"
110423722073095835246,"['gender:2', 'place:College']"
106753049292900693083,"['gender:2', 'last_name:dawn']"
117494954219622059254,"['gender:2', 'job_title:artist', 'last_name:emma', 'university:Royal']"
102011100939418580380,"['gender:2', 'job_title:&', 'job_title:photographer']"
107738139256801286421,"['gender:1', 'job_title:artist', 'job_title:illustrator', 'job_title:|', 'last_name:jeff']"
118436909481674133865,"['job_title:artist', 'job_title:oil', 'job_title:painting']"
104156551898535769963,"['gender:2', 'job_title:artiste', 'job_title:peintre', 'place:Paris']"
110399185565600323230,"['gender:1', 'job_title:business', 'place:Helsinki']"
100835437473039397104,"['gender:2', 'job_title:artist', 'job_title:fine']"
117269268918083247282,"['gender:2', 'job_title:and', 'job_title:artisan', 'job_title:artist', 'job_title:jewelry', 'last_name:catherine', 'place:london']"
104973689929615532681,['gender:1']
108637075068178328561,"['gender:1', 'institution:Student', 'job_title:a', 'job_title:art', 'job_title:art,', 'job_title:digital', 'job_title:into', 'job_title:job,', 'job_title:photography,', 'job_title:student', 'job_title:with', 'last_name:david', 'place:Chicago,', 'place:Fort', 'place:Kansas', 'place:Lawrence,', 'place:Overland', 'place:St.']"
105202709512650456953,"['gender:2', 'job_title:at', 'job_title:home', 'job_title:mom']"
111466009350720554720,"['gender:1', 'last_name:sebastian']"
116250009958844646720,"['gender:1', 'job_title:creative', 'place:El', 'place:Minneapolis,', 'place:San', 'place:St.']"
105014028567141864192,"['gender:1', 'job_title:3d', 'job_title:artist', 'last_name:michael', 'university:Sheridan']"
109744843287923813474,"['gender:2', 'job_title:full-time', 'job_title:painter.', 'job_title:professional']"
116887436546769375688,"['gender:2', 'job_title:artist,', 'job_title:instructor', 'job_title:professional', 'job_title:writer,', 'last_name:annie', 'place:Guam', 'place:New', 'place:Philadelphia']"
112493431048167821018,"['gender:2', 'job_title:artist', 'job_title:ceramic', 'last_name:kim']"
103452050798248282778,"['gender:2', 'job_title:artist', 'job_title:student,', 'place:Tucson,', 'university:Northwestern']"
114750386879006583194,"['gender:1', 'last_name:daniel']"
100609200747033197938,"['gender:1', 'job_title:artist,', 'job_title:designer,', 'job_title:musician', 'job_title:painter,', 'job_title:poet,', 'job_title:writer,', 'last_name:christopher']"
116555083386520176296,"['gender:2', 'job_title:+', 'job_title:@', 'job_title:director', 'job_title:gallery', 'job_title:narrative', 'job_title:painter', 'place:Berlin', 'place:College', 'place:Portland']"
105057743041374553915,"['gender:2', 'job_title:and', 'job_title:owner', 'job_title:studio', 'last_name:kelly', 'university:Sheridan']"
112807126566758001793,"['gender:2', 'job_title:painter', 'job_title:portrait', 'last_name:nadine', 'place:Brooklyn', 'place:France']"
115615319819630033507,"['gender:2', 'job_title:painter']"
106012481736638686979,"['gender:2', 'job_title:&', 'job_title:artist', 'job_title:fine', 'place:Keene,', 'place:Philadelphia,']"
118195416779348475003,[]
104776433680664140552,['gender:1']
112585341928813448740,"['gender:1', 'institution:Self', 'job_title:sculptor', 'place:Melbourne', 'place:Sacramento', 'place:San', 'place:San']"
104666354485189196501,"['gender:1', 'job_title:...', 'job_title:a', 'job_title:an', 'job_title:art', 'job_title:artist', 'job_title:or', 'job_title:who', 'place:Iran', 'place:London']"
100578202127502407103,"['gender:2', 'job_title:and', 'job_title:art', 'job_title:artist', 'job_title:professor', 'last_name:lauren', 'place:Baltimore,', 'place:Fairfax,', 'university:George', 'university:Maryland']"
107525588207391969782,"['gender:2', 'job_title:a', 'job_title:all', 'job_title:am', 'job_title:an', 'job_title:and', 'job_title:artist', 'job_title:as', 'job_title:by', 'job_title:day', 'job_title:i', 'job_title:is', 'job_title:like', 'job_title:my', 'job_title:of', 'job_title:painting', 'job_title:teacher', 'job_title:teaching', 'job_title:the', 'job_title:to']"
101520511204797359099,"['gender:2', 'institution:', 'job_title:and', 'job_title:as', 'job_title:i', 'job_title:it', 'job_title:life', 'job_title:loving', 'job_title:painting']"
117278168886020265135,"['gender:1', 'job_title:artist,', 'job_title:sculptor,']"
109686654346023962238,"['gender:2', 'last_name:carolyn', 'university:Rutgers']"
105562392993385643663,[]
101520077969854966120,"['gender:2', 'place:Serbia']"
102610444632698510215,"['gender:1', 'last_name:adam']"
104000421967098138420,"['gender:2', 'job_title:artist,', 'job_title:illustrator,', 'job_title:painter', 'job_title:toy', 'last_name:carolyn']"
110834083330330746172,['last_name:matthew']
105828335594316527207,"['gender:1', 'job_title:american', 'job_title:and', 'job_title:art', 'job_title:artist,', 'job_title:fine', 'job_title:native', 'job_title:of']"
102447055528197599845,"['gender:2', 'job_title:and', 'job_title:artwork', 'job_title:in', 'job_title:traditional', 'job_title:watercolor']"
114238848179918960497,"['gender:1', 'last_name:tim']"
105637155712287876601,['gender:1']
100653894902215465979,"['institution:Self', 'job_title:&', 'job_title:/', 'job_title:artist', 'job_title:arts', 'job_title:painting,', 'job_title:photography', 'job_title:reporter', 'job_title:sculpture,', 'job_title:visual']"
104245209766042196395,"['gender:1', 'job_title:sculptor', 'last_name:matthew', 'university:Naropa', 'university:Philadelphia']"
111045518950648031219,"['gender:2', 'job_title:art', 'job_title:photographer,', 'job_title:teacher']"
108935348330187170024,"['gender:1', 'job_title:artist', 'place:istanbul', 'place:london']"
112745347790923628984,"['gender:2', 'institution:', 'job_title:photographer', 'last_name:adriana', 'place:Italy']"
101997434473364451852,"['gender:1', 'job_title:arts', 'job_title:fine', 'job_title:painter', 'last_name:dave', 'place:Canada', 'university:Sheridan']"
107074163618306062768,"['gender:2', 'job_title:student', 'place:Albuquerque,', 'place:Arlington,', 'place:Austin,', 'place:Baltimore,', 'place:Lansdale,', 'place:Towson,', 'place:Washington,']"
106770610787796260587,"['gender:1', 'last_name:joe', 'university:Montgomery']"
108333665110294798935,"['gender:1', 'job_title:artist', 'last_name:michael']"
103685740157136493702,"['gender:1', 'job_title:of', 'last_name:viktor']"
107231086341030547456,"['gender:2', 'job_title:&', 'job_title:am', 'job_title:american', 'job_title:and', 'job_title:art', 'job_title:fine', 'job_title:for', 'job_title:graphic', 'job_title:have', 'job_title:i', 'job_title:love', 'job_title:native', 'job_title:of', 'job_title:one', 'job_title:personal', 'job_title:photos', 'job_title:who', 'last_name:betty', 'place:Keene,']"
103756270273477291381,"['job_title:&', 'job_title:/', 'job_title:a', 'job_title:all', 'job_title:and', 'job_title:artist', 'job_title:as', 'job_title:but', 'job_title:by', 'job_title:day', 'job_title:designer', 'job_title:developer.', 'job_title:i', 'job_title:in', 'job_title:love', 'job_title:mediums.', 'job_title:mostly', 'job_title:my', 'job_title:night,', 'job_title:of', 'job_title:printmaking,', 'job_title:visual', 'job_title:web', 'job_title:with', 'job_title:work', 'job_title:working', 'last_name:joseph', 'university:Texas']"
106076219881946713098,"['gender:1', 'job_title:coordinator', 'job_title:experience', 'job_title:user', 'last_name:javier', 'place:Bogota,', 'university:University']"
116984669804618209616,"['gender:2', 'last_name:dawn', 'university:The']"
111005008195348738620,"['gender:1', 'last_name:adam', 'place:Detroit,']"
101188292687117521197,"['gender:2', 'institution:Self-employed', 'job_title:painter', 'last_name:deborah', 'university:University']"
102690447793240190249,"['gender:2', 'job_title:art', 'job_title:artiste', 'job_title:de', 'job_title:et', 'job_title:non-ascii_476', 'job_title:web', 'place:non-ascii_1328']"
116935226633911874035,"['gender:1', 'last_name:ian']"
104819901401112366043,"['gender:2', 'institution:Self-Employed', 'last_name:lauren']"
115602760308324028776,"['gender:2', 'job_title:design', 'job_title:graphic', 'job_title:photography,', 'job_title:problem', 'last_name:julie', 'place:Atlanta']"
114820480752300993890,"['gender:2', 'job_title:artist,', 'job_title:photographer,', 'job_title:writer']"
114722362043662276565,"['gender:1', 'job_title:animator', 'last_name:joshua', 'place:Tampa']"
108798698997127107581,['gender:2']
112928796157153543442,"['gender:1', 'job_title:photographer', 'last_name:juergen']"
113984375822215033202,"['gender:1', 'job_title:student', 'last_name:nick', 'place:Eugene', 'place:Portland', 'place:Seoul']"
104746530192334374233,['gender:1']
113641354088554800188,"['gender:2', 'job_title:artist', 'job_title:fine']"
105682917929029880806,"['gender:1', 'job_title:artist', 'job_title:media', 'job_title:mixed', 'job_title:visual', 'last_name:paul']"
112172895831966524738,"['gender:2', 'job_title:artist']"
116167163116459201233,"['gender:1', 'last_name:stephen']"
105096798346946472808,"['gender:2', 'job_title:artist.', 'job_title:full', 'job_title:i', 'job_title:paint.', 'job_title:time', 'last_name:michelle', 'place:Bucharest,', 'place:Paris,', 'place:Washington']"
113922813642717659153,"['gender:2', 'institution:Freelance', 'job_title:designer']"
115260129877170686825,"['gender:1', 'institution:', 'job_title:artist', 'last_name:john']"
101705985546803067013,"['gender:1', 'job_title:artist', 'last_name:randall', 'university:Kent']"
103057843502350710989,"['gender:2', 'job_title:artist']"
116863730677849618682,"['gender:2', 'job_title:artist/', 'job_title:photographer']"
109248359293282070509,"['gender:2', 'job_title:artist', 'job_title:in', 'job_title:painting', 'job_title:watercolor', 'university:Milwaukee']"
115421207682636992677,"['job_title:/', 'job_title:artist', 'job_title:freelance', 'job_title:instructor', 'place:new']"
105168276680128924513,"['gender:1', 'job_title:artist/', 'last_name:russ', 'place:Colorado']"
108584940222628465190,"['gender:2', 'job_title:about', 'job_title:paint', 'job_title:stuff.', 'job_title:think', 'job_title:write', 'place:Phoenix,', 'place:San', 'university:Arizona', 'university:Glendale', 'university:University']"
114620193125290475654,"['gender:1', 'job_title:photographer', 'last_name:anthony', 'place:Midland,']"
101222342989976293859,"['gender:2', 'last_name:sharon']"
115163657769014504396,"['gender:2', 'job_title:artist', 'job_title:life', 'last_name:chrissy']"
106963775238138670657,"['gender:1', 'last_name:alessandro']"
115165205120331393982,"['gender:2', 'job_title:/', 'job_title:art', 'job_title:artist', 'place:Chicago,']"
104279107049574225556,"['gender:2', 'job_title:artist', 'job_title:visual']"
103296595669319654320,"['gender:2', 'job_title:and', 'job_title:artist', 'job_title:scientist', 'last_name:mary', 'university:University']"
108847139189923294371,"['gender:1', 'job_title:,', 'job_title:and', 'job_title:artist,', 'job_title:community', 'job_title:development', 'job_title:media', 'job_title:online', 'job_title:product', 'job_title:the', 'job_title:vp', 'last_name:ron']"
117537950835725238331,"['gender:1', 'job_title:&', 'job_title:computer', 'job_title:executive', 'job_title:for', 'job_title:manager', 'last_name:neil']"
103127067335628413730,"['gender:1', 'job_title:art', 'job_title:en', 'job_title:et', 'place:colmar']"
111913294158600874183,"['gender:1', 'job_title:&', 'job_title:and', 'job_title:architect,', 'job_title:art', 'job_title:blogger', 'job_title:designer,', 'job_title:director', 'job_title:information', 'job_title:interactive', 'job_title:manager,', 'job_title:painter', 'job_title:project', 'job_title:ux', 'place:Boston,', 'place:Boulder,', 'place:Jersey', 'place:New', 'place:Stamford,', 'university:Pratt']"
101016488549547001886,"['gender:1', 'last_name:walt']"
112373237775458072002,"['gender:2', 'institution:', 'last_name:kathy']"
118051183526789336023,"['gender:1', 'place:Berlin']"
115663008129171661919,"['gender:1', 'institution:', 'job_title:artist', 'place:london', 'place:new']"
110304595006233532529,['gender:1']
113387268363968644500,"['gender:1', 'job_title:artist', 'job_title:sculptor,', 'last_name:scott', 'university:University']"
109925450421274121160,"['gender:1', 'job_title:photographer', 'last_name:timothy']"
109121803732047023565,"['gender:1', 'job_title:and', 'job_title:artist', 'job_title:graphic', 'job_title:watercolor', 'place:Belgrade']"
103568848235332346301,"['job_title:artist', 'place:Houston']"
109420348171622152415,"['gender:2', 'job_title:collage', 'job_title:digital', 'job_title:illustrator', 'place:Everywhere', 'university:non-ascii_1689']"
105626925721558847542,"['gender:1', 'job_title:and', 'job_title:digital', 'job_title:traditional', 'last_name:dale']"
103243515693467499824,"['gender:2', 'institution:', 'job_title:editor', 'job_title:painter,', 'job_title:poet,', 'last_name:brenda']"
108065043123202343467,"['gender:2', 'last_name:liz']"
103464935474818028904,"['gender:2', 'institution:Self-employed', 'job_title:artist', 'last_name:jenn']"
110912055212888170698,"['gender:1', 'institution:Studio', 'job_title:artist', 'job_title:studio', 'last_name:philip', 'place:New', 'place:Paris,', 'place:San']"
109149494504964305881,"['gender:2', 'job_title:and', 'job_title:artist', 'job_title:freelance', 'job_title:photographer', 'job_title:professional']"
111441375914865949700,['place:Buenos']
112099671655881647810,"['gender:1', 'job_title:developer', 'job_title:web', 'last_name:brett']"
100005809427652429580,"['gender:1', 'last_name:matt']"
116463032252840790333,"['gender:2', 'institution:Studio', 'job_title:-', 'job_title:are', 'job_title:artist', 'job_title:my', 'job_title:paintings', 'job_title:studio', 'job_title:textile', 'last_name:lisa', 'place:Berkeley,', 'place:Madison,', 'place:Williamsburg,']"
111418474601985915957,"['gender:1', 'institution:self', 'job_title:/', 'job_title:songwriting', 'last_name:randall']"
110295844480825936400,"['gender:2', 'job_title:landscape', 'job_title:oil', 'job_title:painter', 'place:Oregon']"
117012193154182916005,['gender:1']
117792005919159036202,"['gender:2', 'job_title:artist']"
103918782714606587310,"['gender:2', 'job_title:and', 'job_title:artist', 'job_title:fine', 'job_title:picture', 'last_name:michelle']"
100975618421409141430,"['gender:2', 'place:Dublin', 'place:London', 'place:Vilnius']"
114427619140485635394,"['gender:2', 'job_title:/', 'job_title:art', 'job_title:artist', 'job_title:teacher']"
106624908229691820592,"['gender:1', 'last_name:dan', 'place:Greenwich,']"
108751138108005469822,"['gender:1', 'job_title:developer', 'job_title:photographer,', 'last_name:sebastian', 'place:Berlin', 'place:Hamburg', 'place:Leipzig', 'place:Stuttgart']"
108927164035015492479,"['gender:2', 'job_title:art']"
117128672203954655256,"['gender:1', 'institution:Burger', 'job_title:poet', 'last_name:ahmed', 'place:san', 'university:Indiana', 'university:University', 'university:University', 'university:University']"
116443492637968772227,"['gender:1', 'last_name:guillaume']"
100276638705004937355,"['gender:1', 'job_title:artist.', 'job_title:visual']"
102942463804709310436,"['gender:1', 'last_name:joshua', 'university:University']"
107554392786806012173,"['gender:1', 'job_title:sculptor', 'last_name:jason']"
100068145730356623940,"['gender:2', 'last_name:stacey']"
108330746070996824391,[]
102795882537271964266,"['gender:2', 'place:Canada']"
116111933876321104717,"['gender:1', 'institution:', 'job_title:artist', 'last_name:brent', 'place:Maryland']"
116649170286583371520,[]
107329843700868576110,"['gender:2', 'last_name:karen', 'place:St.', 'place:Tampa', 'place:Tucson', 'university:USF']"
112998749243338946843,"['gender:2', 'job_title:art', 'job_title:by', 'place:Oklahoma', 'place:Shawnee,', 'university:University']"
107209462033174239404,"['job_title:artist', 'job_title:independent']"
105412422659562771828,"['gender:2', 'job_title:and', 'job_title:artist', 'job_title:designer', 'place:London']"
116522624183998756141,"['job_title:and', 'job_title:arts', 'job_title:mostly', 'job_title:visual', 'last_name:caroline']"
100565437335936094929,"['gender:1', 'job_title:and', 'job_title:father', 'job_title:husband,', 'last_name:james', 'place:Athens', 'place:Goa', 'place:London', 'place:Manchester', 'place:Palencia']"
108422684832218558403,"['gender:2', 'institution:artist', 'job_title:artist', 'place:New', 'place:Rochester,', 'university:Rhode']"
104672614700283598130,"['gender:2', 'job_title:artist', 'job_title:visual', 'place:Boulder,', 'place:Chennai,', 'place:Denver,', 'place:Lausanne,', 'place:Seattle,', 'place:Washington,']"
101034415958781062784,['gender:1']
113456203738507213575,"['gender:2', 'job_title:artist', 'job_title:at', 'job_title:painter', 'job_title:photographer', 'job_title:thinker', 'last_name:wendy']"
108331961243127940286,"['gender:2', 'job_title:nurse', 'job_title:registered']"
100994657620984789503,"['gender:2', 'job_title:art', 'place:Manchester,', 'place:Nottingham,', 'place:Reading,']"
110508446117310549309,"['gender:1', 'job_title:...', 'job_title:i', 'job_title:paint', 'job_title:things']"
106369077103680701108,"['gender:2', 'job_title:also', 'job_title:artist', 'job_title:colour', 'job_title:in', 'job_title:into', 'job_title:loving', 'job_title:my', 'job_title:printmaking,', 'job_title:see', 'job_title:to', 'job_title:visit', 'job_title:website', 'job_title:work,', 'last_name:susanne', 'place:Toronto,']"
116595418571322057411,[]
116099277207398914278,"['gender:2', 'job_title:and', 'job_title:i']"
101874080810183022526,[]
110028299208161392654,[]
112247203025001649619,"['gender:2', 'job_title:artist', 'last_name:andrea', 'place:Costa']"
116690953875157042000,['gender:1']
107946961078943370483,"['gender:2', 'last_name:amy', 'place:Eugene,', 'place:Richmond,']"
107691163524835429537,"['gender:2', 'job_title:painter']"
104817633668230013853,"['gender:2', 'last_name:heidi']"
103429825907085420701,"['gender:1', 'job_title:artist,', 'job_title:painter', 'last_name:mick']"
116517133615208841339,"['gender:2', 'job_title:painter']"
103575399676599635897,"['gender:2', 'job_title:professional', 'job_title:student', 'last_name:stacy']"
111523808203160874141,"['gender:1', 'job_title:artist', 'last_name:conor', 'place:Dublin', 'university:University']"
104359568476968412848,"['gender:1', 'job_title:artist', 'last_name:jeremy']"
104382821820488735558,"['gender:1', 'job_title:art,', 'job_title:fine', 'job_title:portraits', 'job_title:user', 'last_name:steve', 'place:Honolulu', 'place:Philadelphia']"
115910676552586250784,"['gender:1', 'institution:', 'last_name:peter']"
107188788248244608953,"['gender:1', 'job_title:artist']"
110723161182814777871,"['gender:1', 'job_title:artiste', 'last_name:philippe', 'place:France', 'place:Nantes']"
103372431688184929899,"['gender:2', 'job_title:abstract', 'job_title:and', 'job_title:contemporary', 'job_title:paintings', 'last_name:karen', 'place:Biloxi,', 'place:Birmingham,', 'place:Ft.', 'place:Jacksonville,', 'place:Montgomery,', 'place:Orlando,', 'place:Sacramento,', 'university:Florida']"
105559429410378216754,['gender:2']
110645922162081253079,"['gender:2', 'job_title:phd', 'job_title:student', 'last_name:rachel', 'place:Auburn,', 'place:Jacksonville,', 'place:Tampa,']"
111287572135984976332,['gender:1']
100163238332537499583,"['gender:1', 'job_title:/', 'job_title:amateur', 'job_title:art', 'job_title:lover', 'job_title:photographer', 'last_name:edward']"
117585400746388462491,"['gender:1', 'job_title:@', 'job_title:developer', 'job_title:interactive', 'job_title:senior']"
103471889304210930424,"['gender:1', 'job_title:creative', 'job_title:strategist']"
116244751484241690077,"['gender:2', 'job_title:artist']"
102550233838963881385,"['gender:2', 'institution:', 'institution:Artist', 'job_title:student', 'last_name:anna', 'place:Denver,', 'place:Germany']"
113479597774861280964,"['gender:2', 'job_title:artist', 'job_title:at', 'job_title:editor', 'job_title:freelance']"
101423842955540149014,['gender:1']
112402806942990334873,['gender:2']
107983336737284521544,"['gender:2', 'institution:Photographer', 'last_name:joann', 'place:Miami']"
113882100233272026653,"['gender:1', 'job_title:artista', 'last_name:michele']"
109705341157728078964,['gender:2']
109838381960700452907,['gender:2']
105237921709043602191,"['gender:2', 'last_name:robin']"
116524473777969007095,"['gender:1', 'job_title:design', 'job_title:graphic']"
114437493840725182500,"['gender:1', 'last_name:dan', 'university:University']"
113802344619945542252,"['gender:1', 'job_title:&', 'job_title:artist,', 'job_title:business', 'job_title:certified', 'job_title:owner', 'job_title:sculpter', 'job_title:small', 'job_title:with']"
111652714412182855492,[]
107570961829991066907,"['gender:1', 'job_title:and', 'job_title:artist,', 'job_title:designer', 'job_title:editor,', 'job_title:multimedia', 'last_name:paul']"
115498770227010521586,"['gender:2', 'job_title:art', 'job_title:curator', 'job_title:writer,', 'last_name:kim', 'place:Michigan', 'university:San']"
106237697616959334118,"['gender:2', 'job_title:artist,', 'job_title:designer,', 'job_title:graphic', 'job_title:illustrator', 'job_title:technical', 'job_title:web', 'last_name:marilyn']"
104356957682366570813,"['gender:2', 'job_title:in', 'job_title:media', 'job_title:new', 'job_title:of', 'job_title:out', 'job_title:people', 'job_title:that', 'job_title:the', 'job_title:to']"
115927870648363036195,['gender:2']
103442974084244428091,[]
110296961334162565272,"['gender:1', 'job_title:and', 'job_title:paintings', 'job_title:sculpture']"
112659399561175810227,['gender:1']
113533502402180936683,"['gender:1', 'institution:Self']"
103354880948309691929,"['gender:1', 'job_title:art', 'job_title:fine', 'job_title:freelance', 'job_title:illustration,', 'last_name:scott', 'place:Phoenix']"
113615559210024038819,"['gender:2', 'job_title:,', 'job_title:and', 'job_title:artist', 'job_title:based', 'job_title:in', 'job_title:nyc', 'job_title:oil', 'job_title:on', 'job_title:portrait', 'job_title:specializing', 'job_title:visual', 'place:Colorado', 'place:Florida', 'place:Hawaii', 'place:Italy', 'place:New', 'place:North', 'place:Ohio', 'place:Texas', 'university:Duke']"
100413801581310316369,"['gender:2', 'job_title:creative', 'job_title:professional']"
117544103486117718688,"['gender:1', 'job_title:animation', 'last_name:shawn']"
106225038734843308048,"['gender:1', 'job_title:en', 'job_title:non-ascii_754', 'place:colmar']"
118079889028052392889,"['gender:1', 'job_title:between', 'job_title:currently', 'job_title:programmer,', 'last_name:daniel']"
102915603361997652174,"['gender:2', 'institution:', 'job_title:photographer', 'last_name:sandra', 'place:Boston', 'place:California', 'place:Mexico', 'place:New', 'place:Texas', 'university:Northeastern', 'university:Parsons']"
112089326023442890813,"['gender:2', 'job_title:&', 'job_title:artist', 'job_title:designer', 'job_title:fine', 'job_title:freelance', 'job_title:graphic']"
113627579169925955646,"['gender:2', 'job_title:art', 'job_title:student']"
107510365408888413417,"['gender:2', 'job_title:freelance', 'job_title:illustratrice']"
113491802750170725132,"['gender:1', 'institution:', 'job_title:artist', 'last_name:bob', 'place:New', 'place:Novato,']"
115396639452469509832,"['gender:1', 'last_name:sergio']"
103197072119870191855,"['gender:1', 'job_title:and', 'job_title:commercial', 'job_title:for', 'job_title:online', 'job_title:people', 'job_title:photographer.', 'job_title:photographing', 'job_title:pop', 'last_name:seth']"
111924432457519468020,"['gender:2', 'institution:', 'place:Toronto']"
113965033696245622569,"['gender:1', 'job_title:&', 'job_title:artist', 'job_title:designer,', 'job_title:multimedia', 'job_title:sound']"
110429769116505259644,"['gender:1', 'institution:', 'job_title:artist,', 'job_title:educator', 'job_title:sculptor,', 'last_name:bryan', 'place:Greenville,', 'place:Greenville,', 'place:Lawrence,', 'place:Pocatello,', 'university:University']"
101721451827815664563,"['gender:1', 'job_title:&', 'job_title:painter', 'job_title:sculptor']"
114899522425082849357,"['gender:2', 'job_title:/', 'job_title:a', 'job_title:an', 'job_title:and', 'job_title:care', 'job_title:enjoy', 'job_title:for', 'job_title:i', 'job_title:in', 'job_title:is', 'job_title:medical', 'job_title:my', 'job_title:now', 'job_title:or', 'job_title:playing', 'job_title:studio', 'job_title:was', 'job_title:which', 'job_title:with', 'place:Greenville,']"
113180496774797510373,"['gender:2', 'institution:']"
105769451938422053822,"['gender:1', 'job_title:abstract', 'job_title:contemporary', 'job_title:photography']"
116411437512689977320,"['gender:1', 'job_title:art', 'last_name:thomas']"
101735330178818807124,"['gender:1', 'job_title:engineer', 'job_title:network']"
114103669757120530833,"['gender:2', 'job_title:artist', 'job_title:professional', 'last_name:allison', 'place:Asheville,', 'university:Ringling']"
110292076036271913623,"['gender:1', 'job_title:art.', 'university:San']"
106043731707156748922,"['gender:1', 'job_title:creative', 'job_title:director', 'last_name:robin', 'university:The']"
108707792928475298183,"['gender:2', 'job_title:artist', 'last_name:cindy']"
100309650424237078484,"['gender:2', 'job_title:and', 'job_title:artist', 'job_title:big', 'job_title:of', 'job_title:small', 'job_title:solver']"
100872876956795042185,"['gender:2', 'job_title:artist,', 'job_title:outdoor', 'last_name:christina']"
116429435802395645595,[]
107985237530390893631,"['gender:1', 'institution:Google']"
110384859728784051439,"['gender:1', 'job_title:sculpteur']"
116691136217597661821,"['gender:1', 'last_name:james']"
101127358291830015133,"['gender:2', 'institution:', 'job_title:artist,', 'job_title:portraitist', 'last_name:nancy']"
100337583583132526767,"['gender:1', 'job_title:draw', 'job_title:i', 'job_title:sometimes', 'job_title:things.', 'place:Lille', 'place:Paris']"
103495900583414791676,"['gender:1', 'job_title:artist,', 'job_title:painter,', 'job_title:realism', 'last_name:stephen', 'place:Bloomington,', 'place:Bronx,', 'place:Huntsville,', 'place:Lexington,', 'place:New', 'place:Ossining,', 'place:Savannah,', 'university:Indiana', 'university:School']"
102103300552492613781,"['gender:1', 'institution:Self', 'job_title:3d', 'job_title:animator,', 'job_title:designer,', 'job_title:digital', 'job_title:painter,', 'job_title:web', 'job_title:writer', 'place:Ottawa', 'place:Toronto', 'university:Algonquin']"
112022440956088651301,"['gender:2', 'job_title:photographer', 'job_title:poet,', 'job_title:writer,']"
116147512237797116756,"['gender:1', 'job_title:/', 'job_title:artist', 'job_title:student', 'job_title:visual']"
116892274923495893157,"['gender:1', 'job_title:+', 'job_title:=', 'job_title:amateur', 'job_title:graphic', 'job_title:multimedia', 'job_title:sales']"
103270374002752936491,"['gender:2', 'job_title:by', 'job_title:day,', 'job_title:night.', 'job_title:sculptor']"
117552698816637823490,"['gender:1', 'job_title:=', 'job_title:create.', 'job_title:creative', 'job_title:director', 'job_title:senior', 'place:Albuquerque,', 'place:Chicago,', 'place:Key', 'place:London,']"
100252339540386672464,"['gender:1', 'job_title:and', 'job_title:artist,', 'job_title:design', 'job_title:development', 'job_title:website', 'place:Alexandria,', 'place:Charleston,', 'place:Fairfax,', 'university:The']"
103140405718724149855,"['gender:2', 'job_title:and', 'job_title:arts', 'job_title:graphic', 'job_title:photography', 'last_name:kay']"
115045409965027013717,"['gender:2', 'job_title:artist,', 'job_title:blogger,', 'last_name:lori', 'place:San', 'place:Scottsdale']"
100329698645326486178,"['gender:1', 'job_title:*', 'job_title:critical', 'job_title:traveller', 'job_title:wannabe', 'job_title:world', 'place:Luxembourg']"
105343629904718099625,"['gender:1', 'last_name:jo']"
113949487993863767866,['gender:1']
116660410556163393541,"['gender:2', 'institution:', 'job_title:art', 'job_title:fine', 'job_title:painter']"
105034220628990195204,"['gender:2', 'institution:', 'job_title:artist']"
109210556273985402669,"['gender:2', 'job_title:assistant', 'job_title:director,', 'job_title:instructor', 'job_title:the', 'job_title:to', 'last_name:kathy', 'place:Atlanta,', 'place:Cleveland,', 'place:New', 'university:Connecticut']"
100980979287274593007,"['gender:1', 'job_title:paintings,']"
106674561143088442070,"['gender:1', 'job_title:-', 'job_title:art', 'job_title:artist', 'job_title:fine', 'job_title:printing', 'job_title:problem', 'job_title:service', 'job_title:solver', 'job_title:visual', 'last_name:charles', 'place:Boston,', 'place:Daytona', 'place:Syracuse,', 'university:Syracuse']"
107689257606548570571,"['gender:2', 'institution:freelance']"
107400386031872110984,"['gender:2', 'institution:']"
113238407296509200124,"['gender:2', 'institution:', 'job_title:a', 'job_title:book', ""job_title:children's"", ""job_title:i'm"", 'job_title:illustrator']"
114661304445626184013,"['gender:1', 'last_name:robert', 'place:Pittsburgh']"
101775378004698597747,"['gender:1', 'job_title:art', 'job_title:artist', 'job_title:non-ascii_399', 'last_name:andreas', 'university:School']"
102800371371135622969,"['last_name:sean', 'university:University']"
113807532026808117133,"['gender:2', 'last_name:laura']"
105452679113309337104,"['institution:Visual', 'last_name:lisa']"
115741881225839706441,"['gender:2', 'job_title:and', 'job_title:artist,', 'job_title:blogger,', 'job_title:marketer', 'job_title:of', 'last_name:mary']"
102414921526172028172,"['gender:1', 'job_title:artist', 'job_title:contemporary']"
105508660898837488930,"['gender:2', 'institution:Self', 'job_title:&', 'job_title:-', 'job_title:art', 'job_title:artist', 'job_title:collage', 'job_title:media', 'job_title:mixed']"
103895106281619011477,"['gender:1', 'job_title:carver', 'job_title:wood', 'last_name:bob', 'place:Orlando,']"
108396995968821132401,"['gender:2', 'job_title:see', 'last_name:stephanie']"
116617844200815491529,[]
104154510648876236073,"['gender:1', 'job_title:|', 'university:New']"
116706195717971759521,"['gender:2', 'place:Atlanta,']"
102931842347172937595,"['gender:3', 'job_title:visit']"
112786890450122407289,"['gender:2', 'institution:', 'job_title:artist', 'last_name:sarah']"
101952863053692958836,"['gender:2', 'institution:Artist', 'job_title:student,', 'last_name:holly', 'place:Louisville,', 'place:Pittsburgh,', 'university:The']"
104947278653644467788,"['gender:2', 'job_title:artist/illustrator', 'last_name:hazel', 'university:FIDM']"
104610015901686190830,"['gender:2', 'last_name:melissa']"
117384587111087743652,"['gender:1', 'job_title:-', 'job_title:assignments.', 'job_title:designer,', 'job_title:do', 'job_title:looking', 'job_title:media', 'job_title:photo', 'job_title:photographer,', 'job_title:seo,', 'job_title:some', 'job_title:to', 'last_name:andy']"
104620557066160322663,['gender:1']
114199293941855846544,"['gender:2', 'job_title:art', 'job_title:fine', 'job_title:sculptor', 'university:University']"
103701844818469254716,"['gender:1', 'institution:', 'job_title:graphiste', 'last_name:christian']"
113935808109821908050,"['gender:2', 'last_name:christi']"
105293886456793645422,"['gender:1', 'job_title:artist,', 'job_title:carver', 'job_title:furniture,', 'job_title:sculptor,', 'last_name:joel']"
102228138880231589720,"['gender:1', 'institution:', 'job_title:a', 'job_title:i', 'job_title:mostly', 'job_title:paint,', 'job_title:to', 'last_name:max']"
118147897097670149361,"['gender:2', 'job_title:artist']"
109492294456525377684,[]
108246157440293603595,"['gender:1', 'last_name:marc']"
112466289687791451467,['gender:2']
112474367030933587196,"['gender:1', 'last_name:guillaume']"
104637506708416544412,"['gender:2', 'job_title:artist,', 'job_title:mom', 'last_name:jennifer']"
104346914909663775617,[]
103458647163810854702,"['gender:2', 'last_name:carla', 'university:University']"
106120339174989120480,"['gender:2', 'job_title:&', 'job_title:artist', 'job_title:designer', 'place:Boulder,']"
105514142573871707546,['gender:2']
111314660885088440303,"['gender:1', 'last_name:alexander']"
116275857019696190172,"['gender:2', 'institution:', 'job_title:artist']"
115898638478890997015,"['gender:1', 'institution:self', 'last_name:edward']"
111234552344495202201,"['gender:2', 'job_title:artist', 'last_name:mary', 'place:Clearwater,', 'university:State']"
116426018234598080075,"['gender:1', 'institution:Self', 'last_name:bruno', 'place:Italy', 'place:Seattle']"
103850965735871121071,"['gender:2', 'institution:Freelance', 'institution:Los', 'job_title:an', 'job_title:artist.', 'job_title:be', 'job_title:i', 'job_title:to', 'job_title:want', 'last_name:rachel', 'place:Los', 'place:San', 'university:University']"
112528604568167140988,"['gender:1', 'institution:Student', 'job_title:artist', 'place:France', 'place:Lyon', 'university:Emile']"
110846410886522908410,"['gender:1', 'last_name:john']"
109602717285147402581,"['gender:1', 'job_title:pittore', 'last_name:stefano']"
104312101745348855122,"['gender:2', 'job_title:painter', 'last_name:liza']"
106618717445377547837,"['gender:2', 'job_title:am', 'job_title:an', 'job_title:artist', 'job_title:i', 'job_title:of', 'job_title:some', 'place:Burbank,']"
100802098332606875346,"['gender:1', 'job_title:colour', 'last_name:adam']"
101363420670773470622,"['gender:1', 'institution:Freelance', 'job_title:architecture', 'place:California', 'place:North']"
104437199009265167412,"['gender:1', 'job_title:artist', 'last_name:robert']"
114458685740868503841,[]
109236580877596744501,"['gender:2', 'job_title:/', 'job_title:nurse', 'job_title:oil', 'job_title:registered', 'job_title:with', 'last_name:sarah']"
102418039386311028147,"['gender:1', 'job_title:musician']"
114164741304215712201,"['gender:1', 'last_name:tommy']"
105211506368416369478,['gender:1']
108053790970132797060,['gender:2']
102978065556965822952,"['gender:2', 'institution:']"
113386187792732612376,[]
105150138107521642010,"['gender:2', 'job_title:for']"
109414221937352781519,"['gender:1', 'job_title:painter']"
110241306564912101634,"['gender:1', 'institution:']"
103382133892057015635,"['gender:1', 'last_name:juan', 'university:Montana']"
112211961703142420817,"['gender:1', 'job_title:+', 'job_title:freelancer', 'job_title:illustration']"
112960201172167885583,"['gender:1', 'job_title:artist', 'last_name:john']"
104674523653618976713,"['gender:1', 'job_title:painter,', 'job_title:sculptor,', 'job_title:videographer', 'last_name:donald']"
101265287919160637317,"['gender:2', 'job_title:editor,', 'job_title:photographer', 'job_title:writer,', 'last_name:stacy']"
102835412008947310524,"['gender:1', 'job_title:artist', 'job_title:visual', 'place:Amsterdam']"
106093315121102404734,"['gender:1', 'institution:', 'job_title:sculptor']"
115104069646389182428,"['gender:1', 'institution:', 'job_title:international', 'job_title:painter', 'last_name:charles']"
112460462800157435585,"['gender:2', 'job_title:&', 'job_title:photography', 'place:London']"
105264947160217806145,"['gender:2', 'job_title:architect', 'job_title:retired', 'last_name:natalie', 'place:Canada', 'place:Italy', 'place:USA']"
108559055101768603660,"['gender:1', 'job_title:&', 'job_title:consultant', 'job_title:educator', 'job_title:media', 'job_title:social', 'job_title:web']"
111064279321629547930,['gender:2']
111816110574238534692,"['gender:2', 'job_title:&', 'job_title:a', 'job_title:also', 'job_title:design', 'job_title:i', ""job_title:i'm"", 'job_title:painter', 'job_title:websites.']"
112829241725212945302,"['gender:1', 'job_title:artist,', 'job_title:instructor', 'job_title:painter,', 'place:Everywhere']"
110314117509003498873,"['gender:1', 'job_title:artist,', 'job_title:author,', 'job_title:designer', 'job_title:musician,', 'job_title:web']"
106392362777471211481,"['gender:1', 'job_title:art', 'job_title:digital', 'job_title:photographer', 'last_name:justin']"
104950390394311878153,"['gender:1', 'job_title:artist/illustrator', 'last_name:mark']"
108157030836771255408,['gender:2']
117044063697470262714,"['gender:2', 'job_title:illustrator', 'last_name:jo', 'place:Montreal', 'place:Paris', 'place:Toronto']"
110164187855514316489,"['gender:1', 'job_title:/', 'job_title:engineer', 'job_title:photographer', 'job_title:software', 'place:Toronto,']"
110723624163518357018,['job_title:photographer']
112292414198276054098,"['gender:2', 'job_title:artist/painter', 'last_name:holly', 'place:Calgary', 'place:Detroit', 'place:Edmonton', 'place:France', 'place:Montreal', 'place:Toronto', 'university:York']"
103902837507333573775,['gender:2']
110023904208758175742,"['gender:1', 'last_name:mark', 'place:Houston,', 'place:New', 'place:Shreveport,', 'university:Naropa']"
112033282161498094504,"['gender:2', 'job_title:artist', 'place:New', 'university:RISD']"
112622420762576522129,"['gender:1', 'institution:', 'job_title:a', 'job_title:am', 'job_title:and', 'job_title:art', 'job_title:artist,', 'job_title:as', 'job_title:can', 'job_title:designer', 'job_title:designer,', 'job_title:digital', 'job_title:fine', 'job_title:graphic', 'job_title:have', 'job_title:i', 'job_title:lot', 'job_title:mostly', 'job_title:of', 'job_title:oil', 'job_title:on', 'job_title:painter', 'job_title:paintings,', 'job_title:see', 'job_title:to', 'job_title:trying', 'job_title:working', 'job_title:you', 'last_name:eduardo', 'university:Academy']"
115390855161234949409,"['gender:2', 'job_title:artist', 'job_title:visual', 'place:Berlin', 'place:Sacramento,', 'university:Florida']"
108609776419787341388,"['gender:1', 'job_title:book', 'job_title:designer']"
105026630819824298577,"['gender:2', 'last_name:heather']"
101560679851359535742,"['job_title:architectural', 'job_title:designer', 'last_name:suzanne', 'place:New']"
107454875931047016644,"['gender:1', 'institution:', 'job_title:artist', 'place:Los', 'place:Orange']"
117883496831203338163,"['job_title:artista', 'last_name:sebastian']"
115706692326163380334,"['gender:2', 'job_title:a', 'job_title:and', 'job_title:director', 'job_title:of', 'job_title:painter,', 'job_title:teach', 'job_title:the', 'job_title:to', 'job_title:was']"
110807210088636589251,[]
108358355482390234713,"['gender:2', 'job_title:a', 'job_title:am', 'job_title:and', 'job_title:artist', 'job_title:i', 'job_title:professional']"
113192115815282097125,['gender:1']
107603571889890796149,"['institution:Self', 'job_title:art', 'job_title:at', 'job_title:beautiful', 'job_title:custom', 'job_title:design', 'job_title:do', 'job_title:for', 'job_title:i', 'job_title:work', 'last_name:nancy', 'university:Life']"
117359612091376902618,['institution:Artist']
109550312352993731394,['gender:1']
103158447944286724575,"['gender:1', 'job_title:graphiste']"
117835064414371041802,"['gender:1', 'job_title:brother,', 'job_title:designer,', 'job_title:father,', 'job_title:husband,', 'last_name:matt']"
103753246154433626793,"['gender:1', 'institution:Artist', 'job_title:artist', 'last_name:eric', 'place:Atlanta,', 'place:Ft.']"
104799160568450312846,"['gender:1', 'job_title:art', 'job_title:artist', 'job_title:fine', 'job_title:painter,', 'job_title:visual', 'last_name:pete', 'place:Bangkok', 'place:London']"
103999637259487452487,['gender:1']
100163155057122890291,"['gender:1', 'job_title:/', 'job_title:artist', 'job_title:body', 'last_name:randall', 'place:Las', 'place:San']"
106247049058205465701,"['job_title:and', 'job_title:i', 'job_title:paint,', 'job_title:with', 'job_title:work', 'place:Greenwich,', 'place:Los', 'place:New']"
104477868153171626760,['gender:2']
105851080457064708898,"['gender:1', 'job_title:and', 'job_title:it', 'job_title:photographer', 'job_title:trainer', 'last_name:dan']"
114063621336261903092,"['gender:1', 'institution:Self', 'job_title:oil', 'job_title:painter', 'last_name:kurt', 'university:University']"
106623569435881634966,"['gender:2', 'institution:']"
103547101416445539717,"['gender:2', 'job_title:artist', 'last_name:julia']"
109330515781864267219,"['gender:1', 'job_title:artist,', 'job_title:curator', 'job_title:designer,', 'job_title:educator,', 'job_title:sculptor,', 'last_name:dave']"
117231743960522064512,"['gender:2', 'job_title:artist', 'last_name:robin']"
102429033904627798413,"['gender:2', 'last_name:dawn']"
106127128773990697459,"['gender:1', 'job_title:artist', 'job_title:painting', 'job_title:with', 'last_name:steven', 'place:Ohio']"
102861375672472314612,"['gender:1', 'institution:IBM', 'job_title:/', 'job_title:painter', 'job_title:seo', 'job_title:specialist', 'job_title:watercolour', 'last_name:stephen']"
115093655219784901392,"['gender:2', 'last_name:laura']"
104796252234667238720,[]
105470950521030030829,"['gender:2', 'job_title:artist', 'last_name:lynn']"
112835315010616085809,['gender:2']
107673209521796924541,"['gender:2', 'institution:', 'job_title:&', 'job_title:art', 'job_title:artist', 'job_title:teacher']"
106330487416823424328,['gender:2']
114574946773548399121,"['gender:2', 'job_title:photographer', 'last_name:diana']"
103518543573240540885,['job_title:photographer']
113435302917113419960,"['gender:1', 'institution:', 'job_title:pittore']"
106074369342418466880,"['gender:1', 'job_title:&', 'job_title:sculptor', 'place:Philadelphia,']"
104545705293219420453,"['gender:1', 'institution:Retired', 'job_title:analyst', 'job_title:art,', 'job_title:computer', 'job_title:digital', 'last_name:david', 'place:Daytona', 'place:Phoenix', 'place:Rochester']"
101517702834173981462,"['gender:2', 'job_title:abstract', 'job_title:artist', 'job_title:paintings', 'job_title:visual', 'place:Venezuela']"
104449483355923550870,"['gender:1', 'job_title:airbrush', 'job_title:artist']"
104108328330202120315,"['gender:1', 'last_name:chris']"
116239940073350846016,['gender:2']
106488424923710466886,"['gender:3', 'job_title:/', 'job_title:a', 'job_title:artist', 'job_title:book', 'job_title:ceramic', 'job_title:fantasy', ""job_title:i'm"", 'job_title:narrative', 'job_title:science', 'job_title:writer', 'job_title:writing', 'place:Atlanta,', 'place:San']"
110240619785255499063,"['gender:1', 'institution:Self-Employed', 'last_name:alireza']"
109545513681683958686,"['gender:2', 'job_title:art', 'job_title:director', 'last_name:adriana', 'university:Royal']"
117580707036980580593,"['gender:1', 'last_name:matthew']"
102261841067368758247,"['gender:1', 'job_title:artist', 'last_name:justin', 'university:Columbus']"
109786487088662225572,"['gender:2', 'last_name:susan']"
102073747889450351618,"['gender:2', 'job_title:&', 'job_title:artist,', 'job_title:illustrator', 'job_title:painter', 'last_name:sarah', 'university:University']"
113254447794337890125,"['gender:1', 'last_name:marc']"
106091062692012637006,"['gender:2', 'job_title:artist', 'job_title:professional', 'job_title:studio']"
113446184053786049338,"['gender:2', 'job_title:artist', 'last_name:liza', 'place:Albuquerque,', 'place:Bogota,']"
101894017746711407041,['gender:1']
111097198237997918386,"['gender:1', 'job_title:artist', 'job_title:visual', 'last_name:patrick']"
110210867243929014459,"['gender:2', 'institution:Artist', 'job_title:of', 'job_title:painter', 'job_title:things', 'place:Portland,', 'university:Humboldt', 'university:Pacific', 'university:Portland']"
101799533248453553128,"['gender:2', 'institution:Self', 'last_name:cindy']"
114737380666798321176,"['gender:1', 'job_title:/', 'job_title:artist', 'job_title:photographer', 'job_title:wildlife']"
109513130879037590733,"['gender:2', 'job_title:art', 'job_title:artist', 'job_title:educator,', 'last_name:heidi']"
108124151155992917028,"['gender:1', 'job_title:artist', 'last_name:tony', 'place:El', 'place:Jacksonville,', 'place:Las']"
112404075585964695421,"['gender:1', 'institution:freelance']"
107790367245887975375,['gender:1']
100661914783868753304,"['gender:1', 'job_title:narrative', 'job_title:painter']"
100412213386584648247,"['gender:1', 'job_title:sculptor', 'last_name:greg', 'place:Denver,', 'place:Great', 'place:Pocatello,', 'place:Spokane,', 'university:Idaho']"
109050735453225493965,"['gender:1', 'last_name:randall', 'place:Edmonton']"
115686461214690249154,"['gender:1', 'job_title:&', 'job_title:/', 'job_title:abstract', 'job_title:artist', 'job_title:event', 'job_title:fashion', 'job_title:musician', 'job_title:organizer', 'last_name:matt', 'place:Buffalo', 'place:Chandler']"
101127855437994948867,"['gender:2', 'job_title:all', 'job_title:have', 'job_title:i', 'job_title:my']"
109468588397239446392,[]
108762671490698771511,"['gender:1', 'last_name:brian']"
113409763196043464003,"['gender:1', 'job_title:sculptor', 'last_name:ken']"
111283355559632014685,['gender:1']
113772620663265751526,"['gender:2', 'institution:artist', 'job_title:artist,', 'job_title:designer,', 'job_title:graphics', 'job_title:motion', 'job_title:video', 'last_name:julie', 'place:Rochester,', 'university:Rhode']"
111434081641654028537,[]
100768035340494924632,"['gender:2', 'last_name:carla']"
118103244481533188445,"['gender:2', 'institution:Self', 'job_title:artist,', 'job_title:nyc', 'university:Emily', 'university:University']"
114503718663848433100,"['gender:1', 'job_title:artist', 'job_title:employed', 'job_title:self', 'last_name:jason']"
111525227247938797069,"['gender:2', 'job_title:and', 'job_title:artisan', 'job_title:handmade', 'university:Kansas']"
112240370345372758525,['gender:1']
109084698270530348428,"['gender:2', 'job_title:my', 'job_title:paint', 'job_title:to', 'job_title:try', 'last_name:bobby']"
111988916680313318873,"['gender:2', 'job_title:and', 'job_title:photographer', 'job_title:teacher', 'last_name:annika']"
101904002149716558203,"['gender:1', 'job_title:at', 'job_title:doing', ""job_title:i'm"", 'job_title:moment', 'job_title:on', 'job_title:the', 'job_title:work', 'place:Sydney', 'university:School']"
114399570243387179751,"['gender:1', 'job_title:art', 'job_title:artist', 'job_title:fine', 'job_title:watercolor', 'last_name:ken', 'university:Montana']"
114021871725450810893,"['gender:1', 'last_name:arthur']"
102552390342954072386,"['gender:2', 'institution:Self', 'job_title:artist', 'last_name:christine', 'university:School']"
116466745743153301499,"['gender:2', 'job_title:artist', 'last_name:kristina']"
100064147221397944462,"['gender:1', 'institution:Self', 'last_name:david']"
108925095650421163240,"['gender:1', 'job_title:artist', 'last_name:andrew']"
106733768004862090290,"['gender:2', 'institution:', 'job_title:artist,', 'job_title:designer', 'last_name:claudia']"
109501703581947740465,"['job_title:artist', 'job_title:visual', 'last_name:sam']"
116570597784626887840,['gender:1']
107948437960557548607,"['gender:1', 'job_title:+', 'job_title:artist', 'job_title:for', 'job_title:occasional', 'last_name:owen', 'place:Toronto,']"
111124930081935539248,"['gender:1', 'job_title:artist', 'job_title:visual', 'last_name:mikko']"
108667968580174698698,"['gender:2', 'job_title:coach', 'last_name:tanja']"
115392951895946183772,"['gender:2', 'last_name:marilyn']"
108958286033422167638,"['gender:2', 'institution:Self', 'job_title:artist', 'last_name:laura']"
100762929605976411921,"['gender:2', 'job_title:artist', 'last_name:kathleen']"
114631096572515710476,"['gender:2', 'last_name:kathleen']"
110699890044237084645,"['gender:1', 'job_title:sculptor', 'place:Dublin', 'place:London']"
111796773894504400652,"['gender:2', 'job_title:artista']"
104525492727903017665,"['gender:2', 'job_title:artist', 'last_name:jan', 'place:Florida']"
104059132776588875365,"['gender:1', 'job_title:and', 'job_title:art', 'job_title:artist', 'job_title:fine', 'job_title:instructor', 'last_name:robert']"
112050047245724905079,"['gender:2', 'job_title:-', 'job_title:art', 'job_title:artist', 'job_title:fine', 'last_name:jill']"
117282311721013297588,"['gender:2', 'last_name:anna']"
118167844798373521994,"['gender:2', 'job_title:am', 'job_title:an', 'job_title:i', 'job_title:is', 'job_title:who', 'last_name:ann']"
100269984923783138938,"['gender:1', 'institution:', 'job_title:/', 'job_title:artist', 'job_title:designer', 'job_title:graphic', 'job_title:illustrator', 'place:Austin,', 'place:Houston,', 'place:Philadelphia,', 'university:University']"
117676292483802154814,"['gender:1', 'last_name:donald']"
102134343881376040393,"['gender:1', 'job_title:sculptor']"
101748883639096024591,"['gender:1', 'job_title:graphic']"
116256692848901876844,"['gender:2', 'job_title:art', 'place:St.']"
100157399523094650315,['last_name:kim']
107748994758051895882,"['gender:1', 'job_title:painter', 'job_title:style']"
113920526057233976680,"['gender:2', 'job_title:;)', 'job_title:a', 'job_title:am', 'job_title:artist,', 'job_title:blogger,', 'job_title:designer,', 'job_title:editor,', 'job_title:for', 'job_title:i', ""job_title:i'm"", 'job_title:not', 'job_title:one', 'job_title:photo', 'job_title:photographer,', 'job_title:the', 'job_title:them', 'job_title:videographer', 'job_title:who']"
111157851933802239172,"['gender:1', 'job_title:and', 'job_title:i', 'job_title:paint', 'job_title:write.']"
101775119471172064620,[]
114919376309009531550,"['gender:2', 'job_title:artist', 'place:Phoenix,', 'place:Plano,', 'university:DeVry']"
103040583170195080045,[]
117683342111882996354,"['gender:1', 'institution:IBM', 'job_title:&', 'job_title:+', 'job_title:am', 'job_title:and', 'job_title:content', 'job_title:design,', 'job_title:development', 'job_title:employed', 'job_title:i', 'job_title:in', 'job_title:information', 'job_title:it.', 'job_title:language', 'job_title:management', 'job_title:network', 'job_title:office', 'job_title:photography', 'job_title:photography,', 'job_title:self', 'job_title:software', 'job_title:technology', 'job_title:the', 'job_title:web', 'place:Istanbul', 'place:Oslo', 'place:Strasbourg', 'place:Wien']"
107874114351340563166,"['gender:2', 'job_title:an', 'job_title:artist', ""job_title:i'm""]"
106327011702418086602,"['gender:2', 'job_title:artist,', 'job_title:mom', 'job_title:picture', 'job_title:wife,', 'job_title:writer,']"
118076164907023431365,"['gender:1', 'job_title:sculptor', 'last_name:jason', 'place:California', 'university:Portland', 'university:Portland']"
114528413975903780730,[]
116540137110787894216,[]
113384557845941391470,"['gender:1', 'job_title:of', 'job_title:professor', 'last_name:bill', 'university:University', 'university:University']"
115864772802672600481,"['gender:1', 'job_title:business', 'job_title:consultant,', 'job_title:design', 'job_title:owner', 'place:England']"
112847316090042624897,"['gender:1', 'job_title:3d', 'job_title:and', 'job_title:artist,', 'job_title:digital', 'job_title:fine', 'job_title:oil', 'job_title:painting,', 'job_title:tattooist']"
114152035007324749666,"['gender:1', 'job_title:and', 'job_title:artist,', 'job_title:graphic', 'job_title:maker,', 'job_title:part-time', 'job_title:sculptor,']"
117383716313942655343,"['gender:1', 'job_title:painter,', 'job_title:photographer,', 'job_title:poet', 'place:los', 'place:new', 'university:Florida']"
101259151613606315676,['gender:1']
100150217757439777553,"['gender:1', 'job_title:artist,', 'job_title:designer,', 'job_title:professor']"
102295892244191044193,"['gender:1', 'job_title:and', 'job_title:artist,', 'job_title:based', 'job_title:illustrator', 'job_title:in', 'job_title:musician,', 'job_title:songwriter,', 'job_title:the']"
105377628474938621200,"['gender:2', 'institution:Google']"
109121643567830483591,['gender:1']
108340896545132368254,"['gender:2', 'job_title:art', 'job_title:painter', 'last_name:cindy', 'place:Jacksonville,', 'university:University']"
115895618107840963551,"['gender:1', 'job_title:artist']"
